theme,cosine_similarity,English Responses,Question ID,Question,Participant ID,run_id,timestamp,PRI_Score,PRI_Scale_1_5,fear_score,fear_intensity,fear_keywords,theme_fear_economic_job_loss,theme_fear_surveillance_control,theme_fear_social_isolation,theme_fear_safety_security,theme_fear_cultural_values,theme_fear_technology_dependence,theme_intensity,response_length,response_length_norm,fear_index,fear_category,persona_cluster
cultural integrity and diversity,0.6496463885684463,1 since cultural diversity would be maintained,b20bea98-c3c3-4382-8842-b8ceab0f1d9d,Would you prefer Scenario 1 or 2? Please explain what makes one of these scenarios better to you than the other.,9fef933b-9bfe-4d9b-a2bd-4c33e432fca9,728108ca,20250523_160029,0.6995833333333333,3.798333333333334,0.0,none,[],0.0,0.0,0.0,0.0,0.0,0.0,0.6496463885684463,46,0.05227272727272727,0.4050024948213179,High,6
cultural integrity and diversity,0.6022716660986225,1 ....as it upholds and acknowledges importance of the different cultures,b20bea98-c3c3-4382-8842-b8ceab0f1d9d,Would you prefer Scenario 1 or 2? Please explain what makes one of these scenarios better to you than the other.,7f2f00be-6c9f-4259-bbe9-29ac712ec99b,728108ca,20250523_160029,0.7291666666666666,3.9166666666666665,0.0,none,[],0.0,0.0,0.0,0.0,0.125,0.0,0.6022716660986225,73,0.08295454545454546,0.3950374543182369,Moderate,6
cultural integrity and diversity,0.5960079557336553,1. Respect for different cultures is necessary,63a99154-3b0e-4375-aaa1-6665f699f6d6,Would you prefer Scenario 1 or 2? Please explain what makes one of these scenarios better to you than the other.,c108ed2c-de31-447f-a228-627e84aa5d1e,728108ca,20250523_160029,0.59,3.36,0.0,none,[],0.0,0.0,0.0,0.0,0.125,0.0,0.5960079557336553,46,0.05227272727272727,0.3616304550207349,Moderate,6
cultural integrity and diversity,0.5869313735405989,"1, cultural aspects of life should always remain unique without intereference. Each persons culture should be maintained.",b20bea98-c3c3-4382-8842-b8ceab0f1d9d,Would you prefer Scenario 1 or 2? Please explain what makes one of these scenarios better to you than the other.,4b5d54b1-98cf-4d65-9a20-7ee95787ac66,728108ca,20250523_160029,0.7616666666666667,4.046666666666667,0.0,none,[],0.0,0.0,0.0,0.0,0.125,0.0,0.5869313735405989,121,0.1375,0.4008558827495729,High,6
cultural integrity and diversity,0.5710000375792094,Scenario 1 which upholds and respects cultural differences,b20bea98-c3c3-4382-8842-b8ceab0f1d9d,Would you prefer Scenario 1 or 2? Please explain what makes one of these scenarios better to you than the other.,f98ea469-7d07-4548-adab-d6665adf52cf,728108ca,20250523_160029,0.7383333333333333,3.953333333333333,0.0,none,[],0.0,0.0,0.0,0.0,0.0,0.0,0.5710000375792094,58,0.0659090909090909,0.38265759078925954,Moderate,6
cultural integrity and diversity,0.5662168508004448,I prefer option 1. We must respect cultural diversity,b20bea98-c3c3-4382-8842-b8ceab0f1d9d,Would you prefer Scenario 1 or 2? Please explain what makes one of these scenarios better to you than the other.,31fcf7e7-1ec9-4219-a179-7cb173c320f5,728108ca,20250523_160029,0.6516666666666667,3.606666666666667,0.0,none,[],0.0,0.0,0.0,0.0,0.0,0.0,0.5662168508004448,53,0.060227272727272727,0.3628428009262386,Moderate,6
cultural integrity and diversity,0.5622957441021781,1. Respect different cultures,b20bea98-c3c3-4382-8842-b8ceab0f1d9d,Would you prefer Scenario 1 or 2? Please explain what makes one of these scenarios better to you than the other.,c108ed2c-de31-447f-a228-627e84aa5d1e,728108ca,20250523_160029,0.59,3.36,0.0,none,[],0.0,0.0,0.0,0.0,0.125,0.0,0.5622957441021781,29,0.03295454545454545,0.3462137521863258,Moderate,6
cultural integrity and diversity,0.5603507402498882,2 I feel diversity is very important in ensuring quality of work,eb87f6c5-a2de-49f2-a1a5-5efd42cd19bf,Would you prefer Scenario 1 or 2? Please explain what makes one of these scenarios better to you than the other.,3168809e-c0f1-449c-8706-27886f42995e,728108ca,20250523_160029,0.6329166666666667,3.5316666666666667,0.0,none,[],0.1111111111111111,0.0,0.0,0.0,0.0,0.0,0.5603507402498882,64,0.07272727272727272,0.3579963567060159,Moderate,6
cultural integrity and diversity,0.5558725737335913,Option 2: Diversity and equality,b20bea98-c3c3-4382-8842-b8ceab0f1d9d,Would you prefer Scenario 1 or 2? Please explain what makes one of these scenarios better to you than the other.,5aed4ee8-ef9f-4277-a387-e11f22bacd9a,728108ca,20250523_160029,0.6429166666666667,3.5716666666666668,0.0,none,[],0.0,0.0,0.0,0.0,0.0,0.0,0.5558725737335913,32,0.03636363636363636,0.35456872646313353,Moderate,6
cultural integrity and diversity,0.5552328240316099,senario 1 since the cultural values will be preserved,b20bea98-c3c3-4382-8842-b8ceab0f1d9d,Would you prefer Scenario 1 or 2? Please explain what makes one of these scenarios better to you than the other.,edd0a047-d6c3-47bd-b680-b9a47cb081a4,728108ca,20250523_160029,0.79625,4.1850000000000005,0.0,none,[],0.0,0.0,0.0,0.0,0.125,0.0,0.5552328240316099,53,0.060227272727272727,0.38736585688537123,Moderate,6
cultural integrity and diversity,0.5530857006805141,"Scenario 1, this will help maintain diversity of culture and values ",b20bea98-c3c3-4382-8842-b8ceab0f1d9d,Would you prefer Scenario 1 or 2? Please explain what makes one of these scenarios better to you than the other.,5279403c-5e7d-4213-9182-3786309bfa2b,728108ca,20250523_160029,0.8079166666666667,4.231666666666667,0.0,none,[],0.0,0.0,0.0,0.0,0.25,0.0,0.5530857006805141,68,0.07727272727272727,0.39054488633281176,Moderate,6
cultural integrity and diversity,0.5519866218421599,I prefer option 1. We must respect cultural diversity.,63a99154-3b0e-4375-aaa1-6665f699f6d6,Would you prefer Scenario 1 or 2? Please explain what makes one of these scenarios better to you than the other.,31fcf7e7-1ec9-4219-a179-7cb173c320f5,728108ca,20250523_160029,0.6516666666666667,3.606666666666667,0.0,none,[],0.0,0.0,0.0,0.0,0.0,0.0,0.5519866218421599,54,0.06136363636363636,0.35726434570656096,Moderate,6
cultural integrity and diversity,0.5489977598749258,"this is part of integrity and this is a value that all should uphold irrespective of the site or technology used,",0443cd28-8742-43fa-8c89-3ede8d10b365,Please explain whether you agree or disagree and why.,c7e24338-d55d-4d16-b97b-e1f8893ccbec,728108ca,20250523_160029,0.9045833333333334,4.618333333333334,0.0,none,[],0.0,0.0,0.0,0.0,0.0,0.0,0.5489977598749258,113,0.12840909090909092,0.4133566797075461,High,6
cultural integrity and diversity,0.5478405112586289,1. Diversity,b20bea98-c3c3-4382-8842-b8ceab0f1d9d,Would you prefer Scenario 1 or 2? Please explain what makes one of these scenarios better to you than the other.,5e6bdfcc-2ab8-44f6-868a-4793e2dcd2dc,728108ca,20250523_160029,0.5137499999999999,3.0549999999999997,0.0,none,[],0.0,0.0,0.0,0.0,0.0,0.0,0.5478405112586289,12,0.013636363636363636,0.3232498408670879,Moderate,6
cultural integrity and diversity,0.5465376787133143,"Option 2: We should accept diverse cultures and backgrounds. This is what humanity is, this is what society is.",63a99154-3b0e-4375-aaa1-6665f699f6d6,Would you prefer Scenario 1 or 2? Please explain what makes one of these scenarios better to you than the other.,0f9b7c36-25c8-423e-9a34-3a6e96cbfe7e,728108ca,20250523_160029,0.7366666666666667,3.946666666666667,0.0,none,[],0.0,0.0,0.0,0.0,0.125,0.0,0.5465376787133143,111,0.12613636363636363,0.3785620411822955,Moderate,6
cultural integrity and diversity,0.5436971369163316,"Scenario 1, this keeps cultures alive and healthy and does not threaten existing cultures and ensure that the values are considered regionally. ",b20bea98-c3c3-4382-8842-b8ceab0f1d9d,Would you prefer Scenario 1 or 2? Please explain what makes one of these scenarios better to you than the other.,878d614b-fd02-4571-a000-b72377a39887,728108ca,20250523_160029,0.6229166666666667,3.4916666666666667,0.0,none,[],0.0,0.0,0.0,0.1111111111111111,0.25,0.0,0.5436971369163316,144,0.16363636363636364,0.35842582446350235,Moderate,6
cultural integrity and diversity,0.5391120858134357,"1, culture must be preserved for the future generations ",b20bea98-c3c3-4382-8842-b8ceab0f1d9d,Would you prefer Scenario 1 or 2? Please explain what makes one of these scenarios better to you than the other.,99f4c06d-9d57-4841-99f5-c0fe6105452a,728108ca,20250523_160029,0.7304166666666666,3.9216666666666664,0.0,none,[],0.0,0.0,0.0,0.0,0.125,0.0,0.5391120858134357,56,0.06363636363636363,0.368091804022344,Moderate,6
cultural integrity and diversity,0.5368739162513076,"2. 

Understanding and incorporating different cultures values and beliefs is a delicate matter. Humans can barely do it.",b20bea98-c3c3-4382-8842-b8ceab0f1d9d,Would you prefer Scenario 1 or 2? Please explain what makes one of these scenarios better to you than the other.,d499f75c-8a70-4acc-9635-6b26e7814bb8,728108ca,20250523_160029,0.7362500000000001,3.945,0.0,none,[],0.0,0.0,0.0,0.0,0.375,0.0,0.5368739162513076,121,0.1375,0.3757495665005231,Moderate,6
cultural integrity and diversity,0.5257969537049252,2. Everyone should have equal access despite any difference in culture or traditions.,b20bea98-c3c3-4382-8842-b8ceab0f1d9d,Would you prefer Scenario 1 or 2? Please explain what makes one of these scenarios better to you than the other.,20cb3cfb-4911-4d94-afef-7629676cbf81,728108ca,20250523_160029,0.77375,4.095000000000001,0.0,none,[],0.0,0.0,0.0,0.0,0.25,0.0,0.5257969537049252,85,0.09659090909090909,0.374727872391061,Moderate,6
cultural integrity and diversity,0.5208800861216757,Scenario 2 ; diversity is important,eb87f6c5-a2de-49f2-a1a5-5efd42cd19bf,Would you prefer Scenario 1 or 2? Please explain what makes one of these scenarios better to you than the other.,ed3e6676-129b-43c0-889e-1272481d96b8,728108ca,20250523_160029,0.6945833333333334,3.7783333333333338,0.0,none,[],0.0,0.0,0.0,0.0,0.0,0.0,0.5208800861216757,35,0.03977272727272727,0.3512459738426097,Moderate,6
cultural integrity and diversity,0.5206402091619935,1 - diversity is more important than universality ,b20bea98-c3c3-4382-8842-b8ceab0f1d9d,Would you prefer Scenario 1 or 2? Please explain what makes one of these scenarios better to you than the other.,fed816ca-280c-4b31-9896-e7541f5f7b47,728108ca,20250523_160029,0.6499999999999999,3.5999999999999996,0.0,none,[],0.0,0.0,0.0,0.0,0.0,0.0,0.5206402091619935,50,0.056818181818181816,0.3439379018466156,Moderate,6
cultural integrity and diversity,0.5189561223024644,scenario 2 because diversity is important,c3a096ad-6ca5-4365-97f8-c6e36071bc58,Think about your neighbor - do you think your neighbor would prefer Scenario 1 or 2 future and why?,b3ef0dac-9d1c-48cd-bbed-36d50c22170d,728108ca,20250523_160029,0.7454166666666666,3.9816666666666665,0.0,none,[],0.0,0.0,0.0,0.0,0.0,0.0,0.5189561223024644,41,0.04659090909090909,0.36132487316341,Moderate,6
cultural integrity and diversity,0.5151895035976075,2. I prefer cultural integration that agrees,b20bea98-c3c3-4382-8842-b8ceab0f1d9d,Would you prefer Scenario 1 or 2? Please explain what makes one of these scenarios better to you than the other.,a9b21430-9bcf-4bf3-88da-65b174a34938,728108ca,20250523_160029,0.6045833333333334,3.4183333333333334,0.0,none,[],0.0,0.0,0.0,0.0,0.0,0.0,0.5151895035976075,44,0.05,0.3319924681057097,Moderate,6
cultural integrity and diversity,0.5133227688174975,"Scenario 2

Diversity while respecting each others perspective is key in the future.",b20bea98-c3c3-4382-8842-b8ceab0f1d9d,Would you prefer Scenario 1 or 2? Please explain what makes one of these scenarios better to you than the other.,2ea4d6b3-cc1f-42ec-9bd7-65ea9d396159,728108ca,20250523_160029,0.8566666666666666,4.426666666666666,0.0,none,[],0.0,0.0,0.0,0.0,0.0,0.0,0.5133227688174975,84,0.09545454545454546,0.38620789540578687,Moderate,6
cultural integrity and diversity,0.5123167549563971,Option 1. Harmony in diversity,63a99154-3b0e-4375-aaa1-6665f699f6d6,Would you prefer Scenario 1 or 2? Please explain what makes one of these scenarios better to you than the other.,b77cb754-8b0e-43ee-936e-ad8a41d61909,728108ca,20250523_160029,0.5695833333333333,3.2783333333333333,0.0,none,[],0.0,0.0,0.0,0.1111111111111111,0.0,0.0,0.5123167549563971,30,0.03409090909090909,0.3222524595583164,Moderate,6
cultural integrity and diversity,0.5107684062724502,"Option 1

I think different cultures and traditions should still be preserved",b20bea98-c3c3-4382-8842-b8ceab0f1d9d,Would you prefer Scenario 1 or 2? Please explain what makes one of these scenarios better to you than the other.,0200948d-8aa3-4a5e-8f4b-8a6c5fdc7720,728108ca,20250523_160029,0.6329166666666667,3.5316666666666667,0.0,none,[],0.0,0.0,0.0,0.0,0.25,0.0,0.5107684062724502,77,0.0875,0.33964069584231343,Moderate,6
cultural integrity and diversity,0.5060823091367296,"Scenario 1, we must preserve one's culture, religious affiliation, and values. This is what makes us human and different from one another. Scenario 2 seems to taking away our freedom of choice. And who gets to decide on what the ethical framework should be.  ",b20bea98-c3c3-4382-8842-b8ceab0f1d9d,Would you prefer Scenario 1 or 2? Please explain what makes one of these scenarios better to you than the other.,7efdbf45-8634-409b-98e7-42a4b7f759d3,728108ca,20250523_160029,0.7695833333333333,4.078333333333333,0.0,none,[],0.1111111111111111,0.1111111111111111,0.0,0.0,0.25,0.0,0.5060823091367296,259,0.2943181818181818,0.38578140850317666,Moderate,6
cultural integrity and diversity,0.5045825173404465,Option 1: Respect the differences between different cultures more.,b20bea98-c3c3-4382-8842-b8ceab0f1d9d,Would you prefer Scenario 1 or 2? Please explain what makes one of these scenarios better to you than the other.,8a7ea13d-7787-422a-9929-095477e0a262,728108ca,20250523_160029,0.6229166666666666,3.4916666666666663,0.0,none,[],0.0,0.0,0.0,0.0,0.125,0.0,0.5045825173404465,66,0.075,0.33391634026951195,Moderate,6
cultural integrity and diversity,0.5026138092859812,"2. We should not limit our vision to humans, but we should respect culture.",63a99154-3b0e-4375-aaa1-6665f699f6d6,Would you prefer Scenario 1 or 2? Please explain what makes one of these scenarios better to you than the other.,5c367661-dad3-42d6-8f34-25427510072c,728108ca,20250523_160029,0.7720833333333335,4.088333333333334,0.0,none,[],0.0,0.0,0.0,0.0,0.125,0.0,0.5026138092859812,75,0.08522727272727272,0.3639849176537865,Moderate,6
cultural integrity and diversity,0.5021582413566041,I prefer scenario 1 because respecting all religions and cultures is important to preserve diversity.,b20bea98-c3c3-4382-8842-b8ceab0f1d9d,Would you prefer Scenario 1 or 2? Please explain what makes one of these scenarios better to you than the other.,42cc5c10-4e21-492c-ac34-a7678098fe2c,728108ca,20250523_160029,0.7166666666666667,3.8666666666666663,0.0,none,[],0.0,0.0,0.0,0.0,0.25,0.0,0.5021582413566041,101,0.11477272727272728,0.3556739026032477,Moderate,6
cultural integrity and diversity,0.5019178854862028,"Scenario 1. People should still retain their values and universal values are silly. This way, cultures, uniqueness and people's identity will remain unchanged",b20bea98-c3c3-4382-8842-b8ceab0f1d9d,Would you prefer Scenario 1 or 2? Please explain what makes one of these scenarios better to you than the other.,5933191f-aca0-4bba-b597-e231a0027671,728108ca,20250523_160029,0.7366666666666667,3.946666666666667,0.0,none,[],0.0,0.0,0.0,0.0,0.375,0.0,0.5019178854862028,158,0.17954545454545454,0.36605503298235986,Moderate,6
cultural integrity and diversity,0.5004968289177817,"I would prefer Scenario 1 because it respects and preserves the unique cultural values and traditions of different groups, allowing AI systems to align with local customs and beliefs. This approach fosters cultural diversity and autonomy, ensuring that technology doesn’t homogenize or erase important cultural practices. The ""cultural translation layers"" also allow for respectful international interaction, providing a way for communities to maintain their identity while still engaging globally. 
",b20bea98-c3c3-4382-8842-b8ceab0f1d9d,Would you prefer Scenario 1 or 2? Please explain what makes one of these scenarios better to you than the other.,6ecf22d9-da09-46a8-81e7-d08cf972551f,728108ca,20250523_160029,0.7899999999999999,4.16,0.0,none,[],0.0,0.1111111111111111,0.125,0.0,0.625,0.0,0.5004968289177817,500,0.5681818181818182,0.4150169133852945,High,6
cultural integrity and diversity,0.4903132013441024,scenario 1 as cultures are to be preserved,b20bea98-c3c3-4382-8842-b8ceab0f1d9d,Would you prefer Scenario 1 or 2? Please explain what makes one of these scenarios better to you than the other.,baf5c928-e385-4fcc-af95-2d97eb7d3d73,728108ca,20250523_160029,0.6979166666666666,3.7916666666666665,0.0,none,[],0.0,0.0,0.0,0.0,0.125,0.0,0.4903132013441024,42,0.04772727272727273,0.34048134114370154,Moderate,6
cultural integrity and diversity,0.4898681216079856,1 beacause standardizing would hurt many cultural people. People of different culture want to hold their values!,b20bea98-c3c3-4382-8842-b8ceab0f1d9d,Would you prefer Scenario 1 or 2? Please explain what makes one of these scenarios better to you than the other.,8232fd52-4e82-4d74-836a-90e0704b8b89,728108ca,20250523_160029,0.7229166666666667,3.8916666666666666,0.0,none,[],0.0,0.0,0.0,0.0,0.25,0.0,0.4898681216079856,112,0.12727272727272726,0.35325785470380033,Moderate,6
cultural integrity and diversity,0.4878242453614408,"I think option 2 is better because it promotes global cooperation and equality, without cultural or economic barriers. The difficult part would be balancing cultural diversity to avoid the loss of each culture's identity.",b20bea98-c3c3-4382-8842-b8ceab0f1d9d,Would you prefer Scenario 1 or 2? Please explain what makes one of these scenarios better to you than the other.,c6ef6478-4df0-4569-b134-580d05249d7e,728108ca,20250523_160029,0.7666666666666667,4.066666666666666,0.0,none,[],0.1111111111111111,0.0,0.0,0.0,0.25,0.0,0.4878242453614408,221,0.25113636363636366,0.3735766678415461,Moderate,6
cultural integrity and diversity,0.4877163715391805,"I am really not sure. As a global society we should have shared principles f.ex. human rights. But every society, religion, culture, has it's own specific way of living. I choose none - AI should have common values, but understand any ethnic culture and try to do ""the best of both worlds"". In the meaning of multiculturality, f.ex. ""We do it like that, but remember, that majoriti of other people will understand it differently""",b20bea98-c3c3-4382-8842-b8ceab0f1d9d,Would you prefer Scenario 1 or 2? Please explain what makes one of these scenarios better to you than the other.,f3df0563-4bad-4c0a-a6d1-e6a61cf9ef4a,728108ca,20250523_160029,0.72375,3.895,0.0,none,[],0.0,0.0,0.0,0.0,0.375,0.0,0.4877163715391805,429,0.4875,0.38858654861567227,Moderate,6
cultural integrity and diversity,0.4875470930648171,Scenario two sounds better since it shows inclusion and supports integration of cultures and removes biasnes.,b20bea98-c3c3-4382-8842-b8ceab0f1d9d,Would you prefer Scenario 1 or 2? Please explain what makes one of these scenarios better to you than the other.,08c907ff-00c8-4117-9426-b705b1606b96,728108ca,20250523_160029,0.7775000000000001,4.11,0.0,none,[],0.0,0.0,0.0,0.0,0.125,0.0,0.4875470930648171,109,0.12386363636363637,0.3629052008622905,Moderate,6
cultural integrity and diversity,0.4868229585056326,Scenario 1. We all come from different cultures. What may be acceptable to one culture may be taboo to another. It is important to learn to adapt to different cultures with respect.,b20bea98-c3c3-4382-8842-b8ceab0f1d9d,Would you prefer Scenario 1 or 2? Please explain what makes one of these scenarios better to you than the other.,349e968c-d6fa-4533-bfe2-c4bfe66375f2,728108ca,20250523_160029,0.8016666666666667,4.206666666666667,0.0,none,[],0.0,0.0,0.0,0.0,0.125,0.0,0.4868229585056326,181,0.2056818181818182,0.37563069855376824,Moderate,6
cultural integrity and diversity,0.4863282908606197,2. AI should base on the culture respectful,63a99154-3b0e-4375-aaa1-6665f699f6d6,Would you prefer Scenario 1 or 2? Please explain what makes one of these scenarios better to you than the other.,ea3631cc-5bc5-43ca-b4a7-c348fc80bae5,728108ca,20250523_160029,0.49625,2.9850000000000003,0.0,none,[],0.0,0.0,0.0,0.0,0.125,0.0,0.4863282908606197,43,0.048863636363636366,0.2986676799806115,Moderate,6
cultural integrity and diversity,0.4862956683275645,Scenario 1. Each community has different and unique values that are different from each other and hence should be respected and preserved,b20bea98-c3c3-4382-8842-b8ceab0f1d9d,Would you prefer Scenario 1 or 2? Please explain what makes one of these scenarios better to you than the other.,55d748c9-f0ae-444f-a4a7-20c8a49f3435,728108ca,20250523_160029,0.83625,4.345000000000001,0.0,none,[],0.0,0.0,0.125,0.0,0.125,0.0,0.4862956683275645,137,0.15568181818181817,0.37733644914920766,Moderate,6
cultural integrity and diversity,0.4852854967735023,"2. I believe that there are universal values among human beings, and traditional things are not necessarily good, and this will hinder cultural exchanges.",63a99154-3b0e-4375-aaa1-6665f699f6d6,Would you prefer Scenario 1 or 2? Please explain what makes one of these scenarios better to you than the other.,e3ba3c5b-9b87-4430-ad0f-0079e6c31516,728108ca,20250523_160029,0.6508333333333334,3.6033333333333335,0.0,none,[],0.0,0.0,0.0,0.0,0.25,0.0,0.4852854967735023,154,0.175,0.3417808653760676,Moderate,6
cultural integrity and diversity,0.4843372922213762,"Option 2: We should not limit our vision to humans, but we should respect culture.",b20bea98-c3c3-4382-8842-b8ceab0f1d9d,Would you prefer Scenario 1 or 2? Please explain what makes one of these scenarios better to you than the other.,5c367661-dad3-42d6-8f34-25427510072c,728108ca,20250523_160029,0.7720833333333335,4.088333333333334,0.0,none,[],0.0,0.0,0.0,0.0,0.125,0.0,0.4843372922213762,82,0.09318181818181819,0.35746976537339903,Moderate,6
cultural integrity and diversity,0.4836482552385212,Transparency and honesty are important,0443cd28-8742-43fa-8c89-3ede8d10b365,Please explain whether you agree or disagree and why.,7a32f42b-d4f1-4a47-9896-1e684442f320,728108ca,20250523_160029,0.5479166666666667,3.191666666666667,0.0,none,[],0.0,0.0,0.0,0.0,0.0,0.0,0.4836482552385212,38,0.04318181818181818,0.30736081724692366,Moderate,6
cultural integrity and diversity,0.4823220456000653,"Scenario 1. It emphasizes cultural diversity and local relevance but risks fragmentation, inequality, and cultural bias.",b20bea98-c3c3-4382-8842-b8ceab0f1d9d,Would you prefer Scenario 1 or 2? Please explain what makes one of these scenarios better to you than the other.,676f6ea8-353c-464d-b562-f733a0d7dd52,728108ca,20250523_160029,0.78625,4.145,0.0,none,[],0.0,0.0,0.0,0.1111111111111111,0.0,0.0,0.4823220456000653,120,0.13636363636363635,0.3638151818763898,Moderate,6
cultural integrity and diversity,0.4821731724782775,Option 1: I don’t think that countries and cultures can find a single common ethical and value framework. We need to recognize and respect the differences.,63a99154-3b0e-4375-aaa1-6665f699f6d6,Would you prefer Scenario 1 or 2? Please explain what makes one of these scenarios better to you than the other.,3c65dc63-2117-480c-a3fb-16d35efaedb6,728108ca,20250523_160029,0.6041666666666667,3.416666666666667,0.0,none,[],0.1111111111111111,0.0,0.0,0.0,0.125,0.0,0.4821731724782775,155,0.17613636363636365,0.33131623868828075,Moderate,6
cultural integrity and diversity,0.482098408680932,"None of them. Deciding on major ethical, moral or religious issues requires the cooperation of people from different cultures.",b20bea98-c3c3-4382-8842-b8ceab0f1d9d,Would you prefer Scenario 1 or 2? Please explain what makes one of these scenarios better to you than the other.,462414f9-aa0b-4572-92b1-d52e25683c67,728108ca,20250523_160029,0.7533333333333334,4.013333333333334,0.0,none,[],0.0,0.0,0.0,0.0,0.125,0.0,0.482098408680932,126,0.1431818181818182,0.35782421195722136,Moderate,6
cultural integrity and diversity,0.4819008230046703,I prefer scenario 1 which incorporates culture values and ethics,b20bea98-c3c3-4382-8842-b8ceab0f1d9d,Would you prefer Scenario 1 or 2? Please explain what makes one of these scenarios better to you than the other.,0cc036c4-16c4-41b7-b972-b84469ba049a,728108ca,20250523_160029,0.6791666666666667,3.716666666666667,0.0,none,[],0.0,0.0,0.0,0.0,0.25,0.0,0.4819008230046703,64,0.07272727272727272,0.33586638980792877,Moderate,6
cultural integrity and diversity,0.4816162510960446,scenario 2. the culture is preserved,b20bea98-c3c3-4382-8842-b8ceab0f1d9d,Would you prefer Scenario 1 or 2? Please explain what makes one of these scenarios better to you than the other.,2d334ead-a406-4a71-bb3e-e9c13c479125,728108ca,20250523_160029,0.7412500000000001,3.965,0.0,none,[],0.0,0.0,0.0,0.0,0.125,0.0,0.4816162510960446,36,0.04090909090909091,0.344987409529327,Moderate,6
cultural integrity and diversity,0.479952514587867,"Scenario two, although I think that an AI that is the same for everyone is not right. All the elements of each culture should be preserved, kept unchanged and passed on",b20bea98-c3c3-4382-8842-b8ceab0f1d9d,Would you prefer Scenario 1 or 2? Please explain what makes one of these scenarios better to you than the other.,d837bc56-59f0-4670-b3a1-c58f82e729d7,728108ca,20250523_160029,0.7083333333333334,3.8333333333333335,0.0,none,[],0.0,0.0,0.0,0.0,0.125,0.0,0.479952514587867,168,0.19090909090909092,0.3527385815927226,Moderate,6
cultural integrity and diversity,0.477924103631173,"scenario 2 , in order not to make anyone constricted to one culture",b20bea98-c3c3-4382-8842-b8ceab0f1d9d,Would you prefer Scenario 1 or 2? Please explain what makes one of these scenarios better to you than the other.,140877f3-73e5-4529-abf1-36c9de6d2519,728108ca,20250523_160029,0.7279166666666667,3.911666666666666,0.0,none,[],0.0,0.0,0.0,0.0,0.125,0.0,0.477924103631173,67,0.07613636363636364,0.34436661114943895,Moderate,6
cultural integrity and diversity,0.4764559828957624,Scenario 1 is prefered to preserve diverse cultures ,b20bea98-c3c3-4382-8842-b8ceab0f1d9d,Would you prefer Scenario 1 or 2? Please explain what makes one of these scenarios better to you than the other.,cd95619c-e50c-4c2e-b04f-738e5896788b,728108ca,20250523_160029,0.74,3.96,0.0,none,[],0.0,0.0,0.0,0.0,0.125,0.0,0.4764559828957624,52,0.05909090909090909,0.3444914840673959,Moderate,6
cultural integrity and diversity,0.4759388278903728,"2 because prioritizes inclusivity and diverse perspectives, which can lead to more ethical and socially responsible products.",eb87f6c5-a2de-49f2-a1a5-5efd42cd19bf,Would you prefer Scenario 1 or 2? Please explain what makes one of these scenarios better to you than the other.,0f8e122d-48de-4b83-ad20-3e81350fda47,728108ca,20250523_160029,0.8783333333333334,4.513333333333334,0.0,none,[],0.0,0.0,0.125,0.0,0.0,0.0,0.4759388278903728,125,0.14204545454545456,0.3802467432773613,Moderate,6
cultural integrity and diversity,0.4750503727434889,It’s important for human beings to remain authenticity.,0443cd28-8742-43fa-8c89-3ede8d10b365,Please explain whether you agree or disagree and why.,53fa6116-c21f-4561-87db-c6c33364d27b,728108ca,20250523_160029,0.72,3.88,0.0,none,[],0.0,0.0,0.0,0.0,0.0,0.0,0.4750503727434889,55,0.0625,0.3402701490973955,Moderate,6
cultural integrity and diversity,0.4737711754922667,2. AI can help cultural diversity around the world,b20bea98-c3c3-4382-8842-b8ceab0f1d9d,Would you prefer Scenario 1 or 2? Please explain what makes one of these scenarios better to you than the other.,8b81fb32-598b-4b71-aa8c-400c4a004d3b,728108ca,20250523_160029,0.7495833333333333,3.998333333333333,0.0,none,[],0.0,0.0,0.0,0.0,0.0,0.0,0.4737711754922667,50,0.056818181818181816,0.3451069550453915,Moderate,6
cultural integrity and diversity,0.4736936452242313,"Slightly closer to scenario 2. Cultural differences in people's spheres of life are to be protected. There will always be some incompatibilities, and we believe that no compromise can be found.",b20bea98-c3c3-4382-8842-b8ceab0f1d9d,Would you prefer Scenario 1 or 2? Please explain what makes one of these scenarios better to you than the other.,a6308e3a-51b5-434c-ada3-8117385d8565,728108ca,20250523_160029,0.7895833333333333,4.158333333333333,0.0,none,[],0.0,0.0,0.0,0.0,0.0,0.0,0.4736936452242313,193,0.21931818181818183,0.3693259429381774,Moderate,6
cultural integrity and diversity,0.472661154900883,Scenario 1 because it has respect on cultural diversity and allow AI to be used to different traditions and values.,b20bea98-c3c3-4382-8842-b8ceab0f1d9d,Would you prefer Scenario 1 or 2? Please explain what makes one of these scenarios better to you than the other.,87ec341a-e0cd-4c54-b7af-f09b5b7e9b61,728108ca,20250523_160029,0.7816666666666667,4.126666666666667,0.0,none,[],0.0,0.0,0.0,0.0,0.25,0.0,0.472661154900883,115,0.13068181818181818,0.35846597711186834,Moderate,6
cultural integrity and diversity,0.4718241056553475,2 knowledge should be available to everyone. Cultural AI may censor information if it doesn't fit a cultures standard.,b20bea98-c3c3-4382-8842-b8ceab0f1d9d,Would you prefer Scenario 1 or 2? Please explain what makes one of these scenarios better to you than the other.,5cf02b77-9c97-4f2a-94df-62f2d47fb69b,728108ca,20250523_160029,0.6016666666666667,3.4066666666666667,0.0,none,[],0.0,0.0,0.0,0.0,0.125,0.0,0.4718241056553475,118,0.1340909090909091,0.3224720665045633,Moderate,6
cultural integrity and diversity,0.4696265058918191,Both but Scenario 2 embraces democratic input and ethical diversity,eb87f6c5-a2de-49f2-a1a5-5efd42cd19bf,Would you prefer Scenario 1 or 2? Please explain what makes one of these scenarios better to you than the other.,14590c64-3ee7-421e-bce5-11a5b0ce4e5e,728108ca,20250523_160029,0.7141666666666668,3.8566666666666674,0.0,none,[],0.0,0.0,0.0,0.0,0.0,0.0,0.4696265058918191,67,0.07613636363636364,0.3382975720536974,Moderate,6
cultural integrity and diversity,0.4691103619829119,"I would prefer a balanced approach with both scenarios. Scenario 1 values cultural diversity but may create inequalities, while scenario 2 ensures fairness but risks losing local traditions. Therefore a balanced approach would be ideal for inclusivity and global cooperation.",b20bea98-c3c3-4382-8842-b8ceab0f1d9d,Would you prefer Scenario 1 or 2? Please explain what makes one of these scenarios better to you than the other.,c7723ede-25f9-4285-9c81-7ed37abaa461,728108ca,20250523_160029,0.935,4.74,0.0,none,[],0.0,0.0,0.0,0.1111111111111111,0.25,0.0,0.4691103619829119,275,0.3125,0.40589414479316477,High,6
cultural integrity and diversity,0.4672086004884078,Again transperency and ethical behavior is key,52e883fc-9719-40e2-bc12-ae84c4ac5b27,Please explain whether you agree or disagree and why.,9cacc45b-a817-4943-af1a-7a8c643f49bd,728108ca,20250523_160029,0.7795833333333333,4.118333333333333,0.0,none,[],0.0,0.0,0.0,0.0,0.0,0.0,0.4672086004884078,46,0.05227272727272727,0.3480273795893025,Moderate,6
cultural integrity and diversity,0.4671009375678985,"1, atleast it will have the respect for every one culture  and religion

",b20bea98-c3c3-4382-8842-b8ceab0f1d9d,Would you prefer Scenario 1 or 2? Please explain what makes one of these scenarios better to you than the other.,80036e21-83ff-4308-9a6e-da7ea86af091,728108ca,20250523_160029,0.8483333333333334,4.3933333333333335,0.0,none,[],0.0,0.0,0.0,0.0,0.25,0.0,0.4671009375678985,73,0.08295454545454546,0.3648024962392806,Moderate,6
cultural integrity and diversity,0.4670470705863726,"scen. 2: While cultural diversity is important, the potential for global cooperation and equality offered by a unified ethical framework gives Scenario 2 greater weight in terms of its potential impact on the future of humanity.",b20bea98-c3c3-4382-8842-b8ceab0f1d9d,Would you prefer Scenario 1 or 2? Please explain what makes one of these scenarios better to you than the other.,42478af1-3e9e-4bab-add7-abe37b025523,728108ca,20250523_160029,0.7983333333333333,4.193333333333333,0.0,none,[],0.1111111111111111,0.0,0.0,0.0,0.0,0.0,0.4670470705863726,228,0.2590909090909091,0.3723945858103066,Moderate,6
cultural integrity and diversity,0.4668691412042385,"Scenario 1. We have diverse culture and religions

",b20bea98-c3c3-4382-8842-b8ceab0f1d9d,Would you prefer Scenario 1 or 2? Please explain what makes one of these scenarios better to you than the other.,1ffdb989-7287-4c14-83e3-3c0b03a3dd28,728108ca,20250523_160029,0.6433333333333333,3.5733333333333333,0.0,none,[],0.0,0.0,0.0,0.0,0.25,0.0,0.4668691412042385,51,0.05795454545454545,0.32120977769381664,Moderate,6
cultural integrity and diversity,0.4656391303142436,2 because it is essential that culture remains human and not intervened with AI,b20bea98-c3c3-4382-8842-b8ceab0f1d9d,Would you prefer Scenario 1 or 2? Please explain what makes one of these scenarios better to you than the other.,e4c6a03f-c4d5-42b4-98d6-8eff46e01d37,728108ca,20250523_160029,0.7395833333333334,3.9583333333333335,0.0,none,[],0.0,0.0,0.0,0.0,0.125,0.0,0.4656391303142436,79,0.08977272727272727,0.3431495915196368,Moderate,6
cultural integrity and diversity,0.4646450175023353,i would pick 1 because it is with the best interest it doesn't change who we are but helps us preserve our tradition and religion,b20bea98-c3c3-4382-8842-b8ceab0f1d9d,Would you prefer Scenario 1 or 2? Please explain what makes one of these scenarios better to you than the other.,4311474e-5376-421d-9f8e-57336cd57f27,728108ca,20250523_160029,0.6704166666666667,3.681666666666666,0.0,none,[],0.0,0.0,0.0,0.0,0.25,0.0,0.4646450175023353,129,0.14659090909090908,0.33460043124335836,Moderate,6
cultural integrity and diversity,0.4637092982632302,"I balance expertise with inclusivity, ensuring innovation, ethical responsibility, and adaptability while respecting diverse perspectives and minimizing unnecessary regulatory constraints.",eb87f6c5-a2de-49f2-a1a5-5efd42cd19bf,Would you prefer Scenario 1 or 2? Please explain what makes one of these scenarios better to you than the other.,85508207-b14a-4ba9-b83d-804d41bb121e,728108ca,20250523_160029,0.5841666666666667,3.336666666666667,0.0,none,[],0.0,0.0,0.0,0.0,0.0,0.0,0.4637092982632302,188,0.21363636363636362,0.32368068900226177,Moderate,6
cultural integrity and diversity,0.4636708733478142,none of the above. when it comes to matters ethics and peoples culture it is wise to keep AI out. how can AI  be trusted to make cultural decisions? very absurd.,b20bea98-c3c3-4382-8842-b8ceab0f1d9d,Would you prefer Scenario 1 or 2? Please explain what makes one of these scenarios better to you than the other.,a5db5a2a-dade-4647-8d99-0abe87246c42,728108ca,20250523_160029,0.7829166666666667,4.131666666666667,0.0,none,[],0.0,0.0,0.0,0.0,0.125,0.0,0.4636708733478142,161,0.18295454545454545,0.3603471372179136,Moderate,6
cultural integrity and diversity,0.4635263212878892,Option 2. I hope that the core universal values of mankind are consistent and communication is more convenient. Being too limited to the local cultural background may lead to prejudice and information cocoon,63a99154-3b0e-4375-aaa1-6665f699f6d6,Would you prefer Scenario 1 or 2? Please explain what makes one of these scenarios better to you than the other.,2eeff7bd-06c2-49fb-bd21-cb766c395f61,728108ca,20250523_160029,0.7233333333333334,3.8933333333333335,0.0,none,[],0.0,0.0,0.125,0.0,0.125,0.0,0.4635263212878892,207,0.23522727272727273,0.35359992245454963,Moderate,6
cultural integrity and diversity,0.4632506145168435,"Scenario 2 promotes global cooperation through a unified ethical framework, contributing to more effective addressing of global challenges. However, there may be challenges in meeting diverse local cultural needs within this unified framework, as some people may feel their cultures are not being adequately considered.",b20bea98-c3c3-4382-8842-b8ceab0f1d9d,Would you prefer Scenario 1 or 2? Please explain what makes one of these scenarios better to you than the other.,748ce664-fa73-4df5-99f3-12cafa2cdc98,728108ca,20250523_160029,0.7812500000000001,4.125,0.0,none,[],0.1111111111111111,0.0,0.0,0.0,0.125,0.0,0.4632506145168435,319,0.3625,0.37780024580673743,Moderate,6
cultural integrity and diversity,0.4596363643804558,common ethical practices mandates.,52e883fc-9719-40e2-bc12-ae84c4ac5b27,Please explain whether you agree or disagree and why.,de38f8df-23ab-4578-bff3-dccd79706a8b,728108ca,20250523_160029,0.5425,3.17,0.0,none,[],0.0,0.0,0.0,0.0,0.0,0.0,0.4596363643804558,34,0.038636363636363635,0.2962181821158187,Moderate,6
cultural integrity and diversity,0.4595263104107491,Option 1: Respect cultural differences in different regions,b20bea98-c3c3-4382-8842-b8ceab0f1d9d,Would you prefer Scenario 1 or 2? Please explain what makes one of these scenarios better to you than the other.,e6ac83d7-c2bd-4822-b750-098e9dff1dca,728108ca,20250523_160029,0.54375,3.175,0.0,none,[],0.0,0.0,0.0,0.0,0.0,0.0,0.4595263104107491,59,0.06704545454545455,0.29926506961884514,Moderate,6
cultural integrity and diversity,0.4550951323449029,openness and transparency are important,52e883fc-9719-40e2-bc12-ae84c4ac5b27,Please explain whether you agree or disagree and why.,6991f06b-b363-41b7-86a4-4dbf333f9b66,728108ca,20250523_160029,0.7195833333333334,3.8783333333333334,0.0,none,[],0.0,0.0,0.0,0.0,0.0,0.0,0.4550951323449029,39,0.04431818181818182,0.33038653778644606,Moderate,6
cultural integrity and diversity,0.4550447531507759,Solution 2: Because we respect the diverse wisdom of human beings,b20bea98-c3c3-4382-8842-b8ceab0f1d9d,Would you prefer Scenario 1 or 2? Please explain what makes one of these scenarios better to you than the other.,b5018d13-835b-4507-a600-12fec06d22c4,728108ca,20250523_160029,0.8054166666666667,4.221666666666667,0.0,none,[],0.0,0.0,0.0,0.0,0.0,0.0,0.4550447531507759,65,0.07386363636363637,0.35048759823000736,Moderate,6
cultural integrity and diversity,0.4536894471369249,Prefer Scenario 1 as it is really appreciated to respect all the cultural values tradition. At the same time it is really good if they can be connected to another sources that can provide room for something generalize and open issue separately to be discussed together.,b20bea98-c3c3-4382-8842-b8ceab0f1d9d,Would you prefer Scenario 1 or 2? Please explain what makes one of these scenarios better to you than the other.,85b35191-fc1b-46ec-97a8-d527f45635e7,728108ca,20250523_160029,0.7916666666666665,4.166666666666666,0.0,none,[],0.0,0.0,0.0,0.0,0.25,0.0,0.4536894471369249,269,0.30568181818181817,0.3703772940062851,Moderate,6
cultural integrity and diversity,0.4530385675725394,"2,inclusivity",eb87f6c5-a2de-49f2-a1a5-5efd42cd19bf,Would you prefer Scenario 1 or 2? Please explain what makes one of these scenarios better to you than the other.,925382f5-d47e-4013-894f-a9fc32f8ace6,728108ca,20250523_160029,0.6179166666666667,3.4716666666666667,0.0,none,[],0.0,0.0,0.0,0.0,0.0,0.0,0.4530385675725394,13,0.014772727272727272,0.3062760330896218,Moderate,6
cultural integrity and diversity,0.4503409579287742,"Option 1, reflects cultural differences",b20bea98-c3c3-4382-8842-b8ceab0f1d9d,Would you prefer Scenario 1 or 2? Please explain what makes one of these scenarios better to you than the other.,25caeaf5-ab5e-4211-b2cd-b7c2ae104407,728108ca,20250523_160029,0.4716666666666667,2.8866666666666667,0.0,none,[],0.0,0.0,0.0,0.0,0.0,0.0,0.4503409579287742,39,0.04431818181818182,0.27890153468666123,Moderate,6
cultural integrity and diversity,0.4495684880334587,I like scenario 1. Some societies have different values and traditions and the ideal way is the maintain those values and traditions based on the local society and culture,b20bea98-c3c3-4382-8842-b8ceab0f1d9d,Would you prefer Scenario 1 or 2? Please explain what makes one of these scenarios better to you than the other.,50d20c64-b0d4-4452-a898-e1f9115e856e,728108ca,20250523_160029,0.7041666666666666,3.8166666666666664,0.0,none,[],0.0,0.0,0.0,0.0,0.375,0.0,0.4495684880334587,171,0.1943181818181818,0.340092546728535,Moderate,6
cultural integrity and diversity,0.4494187695864336,"1 , human values acceptability",ab69fbbb-d63c-4820-9ed1-8192b1ffd7e9,Would you prefer Scenario 1 or 2? Please explain what makes one of these scenarios better to you than the other.,64594302-5337-49c0-a6b0-e7fc71031e2f,728108ca,20250523_160029,0.6191666666666666,3.4766666666666666,0.0,none,[],0.0,0.0,0.0,0.0,0.125,0.0,0.4494187695864336,30,0.03409090909090909,0.3070099320769977,Moderate,6
cultural integrity and diversity,0.4487295885017956,"Scenario 1 preserves cultural diversity but risks inequality and fragmentation. Scenario 2 promotes global unity but may overlook local values. I’d prefer a balanced approach, but if forced to choose, I’d lean toward Scenario 2 for its inclusivity and cooperation.",b20bea98-c3c3-4382-8842-b8ceab0f1d9d,Would you prefer Scenario 1 or 2? Please explain what makes one of these scenarios better to you than the other.,16d45637-637e-44a0-a4d3-9670fa70bb96,728108ca,20250523_160029,0.7249999999999999,3.899999999999999,0.0,none,[],0.0,0.0,0.0,0.1111111111111111,0.125,0.0,0.4487295885017956,264,0.3,0.35449183540071827,Moderate,6
cultural integrity and diversity,0.4464554291523681,"I would prefer scenario 1 because it is more respectful of the diversity of cultures expressed around the world. Scenario 2, although it seems fair to measure, is a way that would reject too many cultures, religions, and social differences, and part of our humanity would be lost in this homogenization of issues.",b20bea98-c3c3-4382-8842-b8ceab0f1d9d,Would you prefer Scenario 1 or 2? Please explain what makes one of these scenarios better to you than the other.,a88118a2-74ab-4902-baa4-5a62bf5af3f9,728108ca,20250523_160029,0.6904166666666666,3.7616666666666663,0.0,none,[],0.0,0.0,0.125,0.0,0.25,0.0,0.4464554291523681,313,0.35568181818181815,0.3522336868124624,Moderate,6
cultural integrity and diversity,0.4449153499426467,"Scenario 2, having separate AI unique to each cultural group will provide division, limit access due to language barrier, culture barrier, people in each group will have a high sense of individuality and might not be open to learn new culture. ",b20bea98-c3c3-4382-8842-b8ceab0f1d9d,Would you prefer Scenario 1 or 2? Please explain what makes one of these scenarios better to you than the other.,bfb26da4-677e-43b1-951d-eaf74aeefc08,728108ca,20250523_160029,0.7629166666666667,4.051666666666667,0.0,none,[],0.0,0.0,0.0,0.0,0.125,0.0,0.4449153499426467,244,0.2772727272727273,0.35827674603766474,Moderate,6
cultural integrity and diversity,0.4447481080398594,Scenario 1 as each  culture is diffrent set of values,b20bea98-c3c3-4382-8842-b8ceab0f1d9d,Would you prefer Scenario 1 or 2? Please explain what makes one of these scenarios better to you than the other.,3084490f-06c2-424e-81af-e3a94b9d8563,728108ca,20250523_160029,0.8337499999999999,4.334999999999999,0.0,none,[],0.0,0.0,0.0,0.0,0.25,0.0,0.4447481080398594,53,0.060227272727272727,0.35067197048867105,Moderate,6
cultural integrity and diversity,0.4446676530159895,2 this it seems to encompass ethical framework curated from global consensus,b20bea98-c3c3-4382-8842-b8ceab0f1d9d,Would you prefer Scenario 1 or 2? Please explain what makes one of these scenarios better to you than the other.,11484420-e806-474e-b06d-d0f43759e7a8,728108ca,20250523_160029,0.7891666666666667,4.156666666666666,0.0,none,[],0.1111111111111111,0.0,0.0,0.0,0.0,0.0,0.4446676530159895,76,0.08636363636363636,0.34433675817609277,Moderate,6
cultural integrity and diversity,0.4445394571154875,It is necessary to have ethics and transparency,52e883fc-9719-40e2-bc12-ae84c4ac5b27,Please explain whether you agree or disagree and why.,033fbba1-c09b-4860-a5d7-7bbd09b71e7b,728108ca,20250523_160029,0.715,3.86,0.0,none,[],0.0,0.0,0.0,0.0,0.0,0.0,0.4445394571154875,47,0.053409090909090906,0.32615669193710406,Moderate,6
cultural integrity and diversity,0.4439906682147441,Scenario one. I would love to preserve my culture,b20bea98-c3c3-4382-8842-b8ceab0f1d9d,Would you prefer Scenario 1 or 2? Please explain what makes one of these scenarios better to you than the other.,25a81ed5-e06c-4858-bdc6-df33dc7804eb,728108ca,20250523_160029,0.6966666666666667,3.786666666666666,0.0,none,[],0.0,0.0,0.0,0.0,0.125,0.0,0.4439906682147441,49,0.05568181818181818,0.3224977824374128,Moderate,6
cultural integrity and diversity,0.4430981899762427,Option 2: I don’t want my values and culture to be restricted by AI. Why should our culture be restricted?,b20bea98-c3c3-4382-8842-b8ceab0f1d9d,Would you prefer Scenario 1 or 2? Please explain what makes one of these scenarios better to you than the other.,0f9b7c36-25c8-423e-9a34-3a6e96cbfe7e,728108ca,20250523_160029,0.7366666666666667,3.946666666666667,0.0,none,[],0.0,0.0,0.0,0.0,0.25,0.0,0.4430981899762427,106,0.12045454545454545,0.33661806386928494,Moderate,6
cultural integrity and diversity,0.4430523000875946,Prefer scenario 1 to keep the culture unique,b20bea98-c3c3-4382-8842-b8ceab0f1d9d,Would you prefer Scenario 1 or 2? Please explain what makes one of these scenarios better to you than the other.,8fd2992b-320a-472d-8dbb-d63d259f3d83,728108ca,20250523_160029,0.7175,3.87,0.0,none,[],0.0,0.0,0.0,0.0,0.125,0.0,0.4430523000875946,44,0.05,0.3257209200350379,Moderate,6
cultural integrity and diversity,0.4425974280738785,"I like scenario 1 because it preserves cultural diversity. Scenario 2 seems fair, but it is easy to impose the same ethics on people all over the world, which will actually erase the unique culture of many groups.",63a99154-3b0e-4375-aaa1-6665f699f6d6,Would you prefer Scenario 1 or 2? Please explain what makes one of these scenarios better to you than the other.,0c57890a-46cd-4895-9d16-b4cc1bcef4bd,728108ca,20250523_160029,0.77,4.08,0.0,none,[],0.0,0.0,0.0,0.0,0.125,0.0,0.4425974280738785,213,0.24204545454545454,0.35524351668409687,Moderate,6
cultural integrity and diversity,0.4407243822609746,2. i think learning about other cultures makes the world better,b20bea98-c3c3-4382-8842-b8ceab0f1d9d,Would you prefer Scenario 1 or 2? Please explain what makes one of these scenarios better to you than the other.,2438e9bc-7ef1-454c-9fb3-6f432f63efd0,728108ca,20250523_160029,0.6495833333333334,3.5983333333333336,0.0,none,[],0.0,0.0,0.0,0.0,0.125,0.0,0.4407243822609746,63,0.0715909090909091,0.31336551048014744,Moderate,6
cultural integrity and diversity,0.4400740026028893,I prefer Scenario 1 because it respects cultural diversity and allows different societies to preserve their values and traditions in technology.,b20bea98-c3c3-4382-8842-b8ceab0f1d9d,Would you prefer Scenario 1 or 2? Please explain what makes one of these scenarios better to you than the other.,27dbbced-0b3c-4ade-bf1c-6f1f386b67da,728108ca,20250523_160029,0.8362499999999999,4.345,0.0,none,[],0.0,0.0,0.0,0.0,0.25,0.0,0.4400740026028893,144,0.16363636363636364,0.3596432374047921,Moderate,6
cultural integrity and diversity,0.4393641947938976,Scenario 1. It’s important to recognise the differences between different cultures and religions ,b20bea98-c3c3-4382-8842-b8ceab0f1d9d,Would you prefer Scenario 1 or 2? Please explain what makes one of these scenarios better to you than the other.,17d979c0-e07d-43e8-845a-541eb8f23502,728108ca,20250523_160029,0.7683333333333333,4.073333333333333,0.0,none,[],0.0,0.0,0.0,0.0,0.25,0.0,0.4393641947938976,97,0.11022727272727273,0.34043507185695304,Moderate,6
cultural integrity and diversity,0.4391888075030935,"I prefer 2. Although 2 is single, it integrates various diverse wisdom and culture. Everyone can use it equally. It will not criticize another unique value because of its inclusiveness.",b20bea98-c3c3-4382-8842-b8ceab0f1d9d,Would you prefer Scenario 1 or 2? Please explain what makes one of these scenarios better to you than the other.,564d5eb8-1fd8-4356-8b7b-0e3de7036012,728108ca,20250523_160029,0.7716666666666667,4.086666666666667,0.0,none,[],0.0,0.0,0.0,0.0,0.125,0.0,0.4391888075030935,185,0.21022727272727273,0.351031583607298,Moderate,6
cultural integrity and diversity,0.4370091309763898,I prefer scenario 1. I like that every culture or community keep their values and morals without having to adhere to one universal framework ,b20bea98-c3c3-4382-8842-b8ceab0f1d9d,Would you prefer Scenario 1 or 2? Please explain what makes one of these scenarios better to you than the other.,be4b5de3-7de1-4751-a720-879ada98e717,728108ca,20250523_160029,0.7579166666666667,4.031666666666666,0.0,none,[],0.1111111111111111,0.0,0.125,0.0,0.25,0.0,0.4370091309763898,141,0.16022727272727272,0.3424097129966166,Moderate,6
cultural integrity and diversity,0.4357754167569643,"2, it represents diversity ",eb87f6c5-a2de-49f2-a1a5-5efd42cd19bf,Would you prefer Scenario 1 or 2? Please explain what makes one of these scenarios better to you than the other.,259c0372-35fa-4057-9fc8-9deca37e2e22,728108ca,20250523_160029,0.58625,3.345,0.0,none,[],0.0,0.0,0.0,0.0,0.0,0.0,0.4357754167569643,27,0.03068181818181818,0.29462834852096753,Moderate,6
cultural integrity and diversity,0.4343951866611006,This promotes integrity and transparency ensuring informed choices,52e883fc-9719-40e2-bc12-ae84c4ac5b27,Please explain whether you agree or disagree and why.,f98ea469-7d07-4548-adab-d6665adf52cf,728108ca,20250523_160029,0.7383333333333333,3.953333333333333,0.0,none,[],0.0,0.0,0.0,0.0,0.0,0.0,0.4343951866611006,66,0.075,0.32892474133110694,Moderate,6
cultural integrity and diversity,0.4326775647482693,"I prefer option 2 because I agree with universal values. If we strip away universal values, some unreasonable customs can be rationalized by putting on the cloak of local culture. For example, inequality for women is commonplace in some areas.",63a99154-3b0e-4375-aaa1-6665f699f6d6,Would you prefer Scenario 1 or 2? Please explain what makes one of these scenarios better to you than the other.,89ef6da4-2f5f-4a85-aee7-b68e6a8251a5,728108ca,20250523_160029,0.7308333333333334,3.923333333333334,0.0,none,[],0.0,0.0,0.0,0.0,0.375,0.0,0.4326775647482693,243,0.2761363636363636,0.3468513289296108,Moderate,6
cultural integrity and diversity,0.4315153539172186,I would prefer Scenario 1 as AI systems based on cultural values and traditions would be more beneficial for decision making as it would ensure  that cultural values and principles are being followed,b20bea98-c3c3-4382-8842-b8ceab0f1d9d,Would you prefer Scenario 1 or 2? Please explain what makes one of these scenarios better to you than the other.,2a16348a-9e1b-44ba-92b9-84e3000d30c2,728108ca,20250523_160029,0.855,4.42,0.0,none,[],0.0,0.0,0.0,0.0,0.25,0.0,0.4315153539172186,199,0.22613636363636364,0.36621977793052385,Moderate,6
cultural integrity and diversity,0.4298875075261597,"I prefer scenario 1 since the respect of cultural, geographical and ethical differences is too important to skip. ",b20bea98-c3c3-4382-8842-b8ceab0f1d9d,Would you prefer Scenario 1 or 2? Please explain what makes one of these scenarios better to you than the other.,0d8d7b70-ec0a-4dd1-8cd9-8ebe74486528,728108ca,20250523_160029,0.6645833333333333,3.658333333333333,0.0,none,[],0.0,0.0,0.0,0.0,0.0,0.0,0.4298875075261597,114,0.12954545454545455,0.31782621513167597,Moderate,6
cultural integrity and diversity,0.4293397402261005,Scenerio 1  this future different cultural groups maintain distinct AI systems based on local values and traditions,b20bea98-c3c3-4382-8842-b8ceab0f1d9d,Would you prefer Scenario 1 or 2? Please explain what makes one of these scenarios better to you than the other.,3f7c2e30-afdf-480b-b3c6-695231ed28fc,728108ca,20250523_160029,0.7683333333333334,4.073333333333334,0.0,none,[],0.0,0.0,0.0,0.0,0.25,0.0,0.4293397402261005,115,0.13068181818181818,0.3384707445752887,Moderate,6
cultural integrity and diversity,0.4292970310657433,i would prefer scenario 1 because it can preserve my cultural beliefs.,b20bea98-c3c3-4382-8842-b8ceab0f1d9d,Would you prefer Scenario 1 or 2? Please explain what makes one of these scenarios better to you than the other.,06acd988-cb73-463f-9342-10e12d104e25,728108ca,20250523_160029,0.8008333333333333,4.203333333333333,0.0,none,[],0.0,0.0,0.0,0.0,0.125,0.0,0.4292970310657433,70,0.07954545454545454,0.33984002454750944,Moderate,6
economic impacts and jobs,0.4857210162073448,because it will create job opportunities to some people,13035d06-a388-4fce-af9d-72a60b89aeba,Would you prefer Scenario 1 or 2? Please explain what makes one of these scenarios better to you than the other.,927b9c4b-2da5-41b6-8465-5c1ef0fa83ea,728108ca,20250523_160029,0.4579166666666667,2.831666666666667,0.0,none,[],0.0,0.0,0.0,0.0,0.0,0.0,0.4857210162073448,55,0.0625,0.29212173981627126,Moderate,4
economic impacts and jobs,0.458465011507666," as long as there are still a decent number of people employed in that field and have jobs, it doesnt seem that bad",0db7bbdf-847c-4e1b-a89b-22a8d8e6a02b,Would you want this future or not? Please explain why.,bca25771-2ed6-440d-b798-d3af57ef9357,728108ca,20250523_160029,0.5354166666666667,3.1416666666666666,0.0,none,[],0.0,0.0,0.0,0.0,0.0,0.0,0.458465011507666,115,0.13068181818181818,0.30353751975458154,Moderate,4
economic impacts and jobs,0.4540657317900534,job opportunities will be more,b20bea98-c3c3-4382-8842-b8ceab0f1d9d,Would you prefer Scenario 1 or 2? Please explain what makes one of these scenarios better to you than the other.,927b9c4b-2da5-41b6-8465-5c1ef0fa83ea,728108ca,20250523_160029,0.4579166666666667,2.831666666666667,0.0,none,[],0.0,0.0,0.0,0.0,0.0,0.0,0.4540657317900534,30,0.03409090909090909,0.27661871695844564,Moderate,4
economic impacts and jobs,0.4458320979014124,"SCENARIO 2,BECAUSE MANY PEOPLE WILL LOSE THE JOBS.",13035d06-a388-4fce-af9d-72a60b89aeba,Would you prefer Scenario 1 or 2? Please explain what makes one of these scenarios better to you than the other.,5a606718-c052-4f84-b9a0-0a4bca9df6f6,728108ca,20250523_160029,0.6233333333333333,3.493333333333333,0.0,none,[],0.0,0.0,0.0,0.0,0.0,0.0,0.4458320979014124,50,0.056818181818181816,0.3086813240090498,Moderate,4
economic impacts and jobs,0.4412527591802458,1 because it will increase the value of our economy growth,ab69fbbb-d63c-4820-9ed1-8192b1ffd7e9,Would you prefer Scenario 1 or 2? Please explain what makes one of these scenarios better to you than the other.,2baaaf5c-423a-4ba5-8d76-a8e0801a6ccc,728108ca,20250523_160029,0.7054166666666667,3.821666666666667,0.0,none,[],0.0,0.0,0.0,0.0,0.0,0.0,0.4412527591802458,58,0.0659090909090909,0.3241753460963408,Moderate,4
economic impacts and jobs,0.4288474427066547,1.Economic growth is very important,ab69fbbb-d63c-4820-9ed1-8192b1ffd7e9,Would you prefer Scenario 1 or 2? Please explain what makes one of these scenarios better to you than the other.,084991b4-b64c-4371-bbc4-8df4564001f5,728108ca,20250523_160029,0.8629166666666668,4.451666666666667,0.0,none,[],0.1111111111111111,0.0,0.0,0.0,0.0,0.0,0.4288474427066547,35,0.03977272727272727,0.348099583143268,Moderate,4
economic impacts and jobs,0.4251912834021312,Scenario since jobs would not be lost decreasing dependency rates of people on others.,13035d06-a388-4fce-af9d-72a60b89aeba,Would you prefer Scenario 1 or 2? Please explain what makes one of these scenarios better to you than the other.,9ee3bca6-a1c5-418c-9c05-3b1a14d1caa3,728108ca,20250523_160029,0.7308333333333334,3.923333333333334,0.0,none,[],0.0,0.0,0.0,0.0,0.0,0.0,0.4251912834021312,86,0.09772727272727273,0.32601590730024643,Moderate,4
economic impacts and jobs,0.4199699057977338,Yes. This is Great to improve the economic factors.,a170b4e5-508e-471a-b0eb-38f882c87671,Would you want this future or not? Please explain why.,81c66741-8cb0-4e89-995e-694b3425e07b,728108ca,20250523_160029,0.6091666666666667,3.436666666666667,0.0,none,[],0.1111111111111111,0.0,0.0,0.0,0.0,0.0,0.4199699057977338,51,0.05795454545454545,0.2956167501978814,Moderate,4
economic impacts and jobs,0.4185578418183947,2 because economic growth depends on factors ,ab69fbbb-d63c-4820-9ed1-8192b1ffd7e9,Would you prefer Scenario 1 or 2? Please explain what makes one of these scenarios better to you than the other.,35e2ee3a-2215-463c-b365-31e1982df4a2,728108ca,20250523_160029,0.4920833333333333,2.9683333333333333,0.0,none,[],0.1111111111111111,0.0,0.0,0.0,0.0,0.0,0.4185578418183947,45,0.05113636363636364,0.27095343975766095,Moderate,4
economic impacts and jobs,0.4115204426238514,"1, because it optimise clear metrics and helps to contribute in economic growth ",ab69fbbb-d63c-4820-9ed1-8192b1ffd7e9,Would you prefer Scenario 1 or 2? Please explain what makes one of these scenarios better to you than the other.,dfe677a6-d587-423a-ae21-98fa88dee7a9,728108ca,20250523_160029,0.7116666666666666,3.8466666666666662,0.0,none,[],0.1111111111111111,0.0,0.0,0.0,0.0,0.0,0.4115204426238514,80,0.09090909090909091,0.31603241947378297,Moderate,4
economic impacts and jobs,0.4094814760967196,I think 2 sounds less impactful on humans and we’d be able to utilise it more to benefit us without job loss,13035d06-a388-4fce-af9d-72a60b89aeba,Would you prefer Scenario 1 or 2? Please explain what makes one of these scenarios better to you than the other.,7e0bf3c7-0cfe-446c-a8fe-6a6b9f7a3954,728108ca,20250523_160029,0.6904166666666667,3.7616666666666663,0.0,none,[],0.1111111111111111,0.0,0.0,0.0,0.0,0.0,0.4094814760967196,108,0.12272727272727273,0.3141486510447485,Moderate,4
economic impacts and jobs,0.408480063731924,I prefer scenario 2 as it boosts employment and work too.,13035d06-a388-4fce-af9d-72a60b89aeba,Would you prefer Scenario 1 or 2? Please explain what makes one of these scenarios better to you than the other.,c3fa4915-dd55-4a57-a8c4-bfdfb808f405,728108ca,20250523_160029,0.71125,3.845,0.0,none,[],0.2222222222222222,0.0,0.0,0.0,0.0,0.0,0.408480063731924,57,0.06477272727272727,0.31211929822004236,Moderate,4
economic impacts and jobs,0.4062413417494231,Yes definitely because it's improving the way majority of the people use their time and also at the same time growing the economy.,a170b4e5-508e-471a-b0eb-38f882c87671,Would you want this future or not? Please explain why.,063ebd44-7a1b-4970-bfa7-010119e1a4a8,728108ca,20250523_160029,0.8162499999999999,4.265,0.0,none,[],0.0,0.0,0.0,0.0,0.0,0.0,0.4062413417494231,130,0.14772727272727273,0.34051926397249654,Moderate,4
economic impacts and jobs,0.3946727514252484,"Scenario 1, as it is more likely to maintain the economy of the country and people get to explore AI without losing their livelihood",13035d06-a388-4fce-af9d-72a60b89aeba,Would you prefer Scenario 1 or 2? Please explain what makes one of these scenarios better to you than the other.,6ac9ec3b-a15c-4804-b14d-89ec67008ec0,728108ca,20250523_160029,0.7304166666666666,3.9216666666666664,0.0,none,[],0.1111111111111111,0.0,0.0,0.0,0.0,0.0,0.3946727514252484,132,0.15,0.3189524339034327,Moderate,4
economic impacts and jobs,0.3887217374984409,"Scenario1 , as it values human decisions and good for economic growth

",ab69fbbb-d63c-4820-9ed1-8192b1ffd7e9,Would you prefer Scenario 1 or 2? Please explain what makes one of these scenarios better to you than the other.,5ce4f054-6988-4c53-998b-f61e03791ee4,728108ca,20250523_160029,0.735,3.94,0.0,none,[],0.1111111111111111,0.0,0.0,0.0,0.125,0.0,0.3887217374984409,71,0.08068181818181819,0.31055687681755817,Moderate,4
economic impacts and jobs,0.3863244400037603,"1, because atleast people will have their jobs .",13035d06-a388-4fce-af9d-72a60b89aeba,Would you prefer Scenario 1 or 2? Please explain what makes one of these scenarios better to you than the other.,80036e21-83ff-4308-9a6e-da7ea86af091,728108ca,20250523_160029,0.8483333333333334,4.3933333333333335,0.0,none,[],0.0,0.0,0.0,0.0,0.0,0.0,0.3863244400037603,48,0.05454545454545454,0.32965098812271626,Moderate,4
economic impacts and jobs,0.3847802766566701,Scenario 1. AI helps economic growth.,ab69fbbb-d63c-4820-9ed1-8192b1ffd7e9,Would you prefer Scenario 1 or 2? Please explain what makes one of these scenarios better to you than the other.,f4f92402-5fbb-4724-bab3-5c6508dad30a,728108ca,20250523_160029,0.8191666666666668,4.276666666666667,0.0,none,[],0.1111111111111111,0.0,0.0,0.0,0.0,0.0,0.3847802766566701,37,0.042045454545454546,0.3219499894505469,Moderate,4
economic impacts and jobs,0.3822083595784846,"Scenario 1. My reason is simple, Less job loss.",13035d06-a388-4fce-af9d-72a60b89aeba,Would you prefer Scenario 1 or 2? Please explain what makes one of these scenarios better to you than the other.,6bbd4a23-4043-42f4-a22b-977b46af4328,728108ca,20250523_160029,0.7625000000000001,4.050000000000001,0.0,none,[],0.1111111111111111,0.0,0.0,0.0,0.0,0.0,0.3822083595784846,47,0.053409090909090906,0.310724252922303,Moderate,4
economic impacts and jobs,0.3816102355988093,The second scenario is preferable because it will facilitate work while preserving jobs.,13035d06-a388-4fce-af9d-72a60b89aeba,Would you prefer Scenario 1 or 2? Please explain what makes one of these scenarios better to you than the other.,8405afbf-0545-492e-8756-942cf068b0a4,728108ca,20250523_160029,0.9091666666666668,4.636666666666667,0.0,none,[],0.1111111111111111,0.0,0.0,0.0,0.0,0.0,0.3816102355988093,88,0.1,0.34447742757285715,Moderate,4
economic impacts and jobs,0.3813919061136781,"Mostly everything was covered in general, just the concern is human losing their jobs .",ded5e02c-b488-4fee-9487-552f965ca972,"Lastly, is there anything you felt you could not express in this conversation that you want to make sure the people working on this know?",80036e21-83ff-4308-9a6e-da7ea86af091,728108ca,20250523_160029,0.8483333333333334,4.3933333333333335,0.2,mild,['concern'],0.0,0.0,0.0,0.0,0.0,0.0,0.3813919061136781,87,0.09886363636363636,0.39210979274850155,Moderate,4
economic impacts and jobs,0.3808937522680297,income,91fcb570-ec08-458e-af99-d9df0650384a,"What has been the most noticeable change in your daily life, if any, as a result of AI in the past year?",885f9334-b235-49ba-aa75-4d706c086429,728108ca,20250523_160029,0.3133333333333333,2.2533333333333334,0.0,none,[],0.1111111111111111,0.0,0.0,0.0,0.0,0.0,0.3808937522680297,6,0.006818181818181818,0.21570598575569672,Moderate,4
economic impacts and jobs,0.3794454465154196,"1 because 2 would steal jobs

",13035d06-a388-4fce-af9d-72a60b89aeba,Would you prefer Scenario 1 or 2? Please explain what makes one of these scenarios better to you than the other.,bca25771-2ed6-440d-b798-d3af57ef9357,728108ca,20250523_160029,0.5354166666666667,3.1416666666666666,0.0,none,[],0.0,0.0,0.0,0.0,0.0,0.0,0.3794454465154196,30,0.03409090909090909,0.2622706028485921,Moderate,4
economic impacts and jobs,0.3790499064767888,"Scenario 2, because I would not support job losses because of AI",13035d06-a388-4fce-af9d-72a60b89aeba,Would you prefer Scenario 1 or 2? Please explain what makes one of these scenarios better to you than the other.,19c32ddb-7d6f-4f77-bfc8-fa59f2e58cd0,728108ca,20250523_160029,0.7275,3.91,0.0,none,[],0.1111111111111111,0.0,0.0,0.0,0.0,0.0,0.3790499064767888,64,0.07272727272727272,0.3043926898634428,Moderate,4
economic impacts and jobs,0.3772799546496416,"If the use of AI leads to loss of jobs and income, this cannot be allowed to happen and everything must be done to prevent this scenario from becoming a reality.",ded5e02c-b488-4fee-9487-552f965ca972,"Lastly, is there anything you felt you could not express in this conversation that you want to make sure the people working on this know?",6991f06b-b363-41b7-86a4-4dbf333f9b66,728108ca,20250523_160029,0.7195833333333334,3.8783333333333334,0.0,none,[],0.1111111111111111,0.0,0.0,0.0,0.0,0.0,0.3772799546496416,161,0.18295454545454545,0.3131241030719779,Moderate,4
economic impacts and jobs,0.377093482624624,Scenario 1 is better because it measures the economy and accept the human values ,ab69fbbb-d63c-4820-9ed1-8192b1ffd7e9,Would you prefer Scenario 1 or 2? Please explain what makes one of these scenarios better to you than the other.,f3e34267-f875-470e-bf9f-ac4972dfe0e3,728108ca,20250523_160029,0.6995833333333333,3.798333333333334,0.0,none,[],0.0,0.0,0.0,0.0,0.125,0.0,0.377093482624624,81,0.09204545454545454,0.2999586051710617,Moderate,4
economic impacts and jobs,0.3764056683099178,"Yes, AI will help many people making informed decisions on their buying hence saving costs leading to creation of a stable economy",a170b4e5-508e-471a-b0eb-38f882c87671,Would you want this future or not? Please explain why.,f3a80a42-5aba-4a66-852e-d3531f56eacf,728108ca,20250523_160029,0.7579166666666667,4.031666666666666,0.0,none,[],0.0,0.0,0.0,0.0,0.0,0.0,0.3764056683099178,130,0.14772727272727273,0.3169183279300277,Moderate,4
economic impacts and jobs,0.3747281403417405,Scenario 2. Human need to secure jobs provide income for families especially rural or less develop countries,13035d06-a388-4fce-af9d-72a60b89aeba,Would you prefer Scenario 1 or 2? Please explain what makes one of these scenarios better to you than the other.,81c74c36-0823-49f5-817d-46564b8e73ed,728108ca,20250523_160029,0.6541666666666667,3.6166666666666663,0.0,none,[],0.1111111111111111,0.0,0.0,0.0,0.0,0.0,0.3747281403417405,108,0.12272727272727273,0.2929973167427568,Moderate,4
economic impacts and jobs,0.3740523524243701,It cannot ascertain the economy level,fc1af587-5ded-4cbb-920a-52bea75ac0d8,Please explain whether you agree or disagree and why.,34876f65-e912-4b58-bae2-5cdd8cb9b483,728108ca,20250523_160029,0.7945833333333334,4.178333333333334,0.0,none,[],0.0,0.0,0.0,0.0,0.0,0.0,0.3740523524243701,37,0.042045454545454546,0.31274215309096026,Moderate,4
economic impacts and jobs,0.3721386346580702,"The first option is better because it maintains the current structure of the job market to a certain extent and does not appear to be as abruptly different as the second, people like stability.",13035d06-a388-4fce-af9d-72a60b89aeba,Would you prefer Scenario 1 or 2? Please explain what makes one of these scenarios better to you than the other.,032945ff-f576-4794-a9b3-41719e57d47e,728108ca,20250523_160029,0.7075,3.83,0.0,none,[],0.0,0.0,0.0,0.0,0.0,0.0,0.3721386346580702,193,0.21931818181818183,0.31228727204504625,Moderate,4
economic impacts and jobs,0.3716460868994941,Job security,91fcb570-ec08-458e-af99-d9df0650384a,"What has been the most noticeable change in your daily life, if any, as a result of AI in the past year?",fce0af51-9cf7-4c53-bfa0-f04aeb271ac2,728108ca,20250523_160029,0.59375,3.375,0.0,none,[],0.0,0.0,0.0,0.1111111111111111,0.0,0.0,0.3716460868994941,12,0.013636363636363636,0.268772071123434,Moderate,4
economic impacts and jobs,0.3716077370827173,1 because AI will make work easier and create more job opportunities to some peoples.,63a99154-3b0e-4375-aaa1-6665f699f6d6,Would you prefer Scenario 1 or 2? Please explain what makes one of these scenarios better to you than the other.,927b9c4b-2da5-41b6-8465-5c1ef0fa83ea,728108ca,20250523_160029,0.4579166666666667,2.831666666666667,0.0,none,[],0.1111111111111111,0.0,0.0,0.0,0.0,0.0,0.3716077370827173,85,0.09659090909090909,0.2498855190755112,Moderate,4
economic impacts and jobs,0.3710684474546036,1 was good because AI can be more used for economic growth and it's important,ab69fbbb-d63c-4820-9ed1-8192b1ffd7e9,Would you prefer Scenario 1 or 2? Please explain what makes one of these scenarios better to you than the other.,dac8d130-6251-479f-8af6-2df4af103f4c,728108ca,20250523_160029,0.5829166666666666,3.3316666666666666,0.0,none,[],0.1111111111111111,0.0,0.0,0.0,0.0,0.0,0.3710684474546036,77,0.0875,0.27376071231517474,Moderate,4
economic impacts and jobs,0.370100564859104,"The first one, as it will not cause many people to lose their jobs and livelihood, although it may create a certain class in society, but it is better than the second one.",13035d06-a388-4fce-af9d-72a60b89aeba,Would you prefer Scenario 1 or 2? Please explain what makes one of these scenarios better to you than the other.,1febfcfc-bc09-4987-93a6-c170b75775dc,728108ca,20250523_160029,0.7316666666666667,3.9266666666666663,0.0,none,[],0.1111111111111111,0.0,0.0,0.0,0.0,0.0,0.370100564859104,171,0.1943181818181818,0.3138053774587931,Moderate,4
economic impacts and jobs,0.3699928198776298,"Scenario 1, optimised for economic growth ",ab69fbbb-d63c-4820-9ed1-8192b1ffd7e9,Would you prefer Scenario 1 or 2? Please explain what makes one of these scenarios better to you than the other.,fd6abd40-0695-40b8-8579-517e1ccbd686,728108ca,20250523_160029,0.7458333333333335,3.983333333333334,0.0,none,[],0.1111111111111111,0.0,0.0,0.0,0.0,0.0,0.3699928198776298,42,0.04772727272727273,0.30193652189044584,Moderate,4
economic impacts and jobs,0.3694814035427055,No because there no job opportunities,33d71c79-81fb-430a-8dba-0709dd93f1cb,Think about your neighbor - do you think your neighbor would want this future and why?,927b9c4b-2da5-41b6-8465-5c1ef0fa83ea,728108ca,20250523_160029,0.4579166666666667,2.831666666666667,0.0,none,[],0.0,0.0,0.0,0.0,0.0,0.0,0.3694814035427055,37,0.042045454545454546,0.243580440204961,Moderate,4
economic impacts and jobs,0.3677601228997404,Plan 1 and Plan 2 will cause many people to lose their jobs and lose their labor value.,13035d06-a388-4fce-af9d-72a60b89aeba,Would you prefer Scenario 1 or 2? Please explain what makes one of these scenarios better to you than the other.,fd5f3625-632d-4cf8-866d-9edabaab982d,728108ca,20250523_160029,0.5495833333333333,3.1983333333333333,0.0,none,[],0.0,0.0,0.0,0.0,0.0,0.0,0.3677601228997404,87,0.09886363636363636,0.26690707946292647,Moderate,4
economic impacts and jobs,0.3658498230249054,"Scenario 2, having repetitive tasks eliminated would improve personal developments, cost. However this cut out entry level position, making it harder for someone to enter the job market",13035d06-a388-4fce-af9d-72a60b89aeba,Would you prefer Scenario 1 or 2? Please explain what makes one of these scenarios better to you than the other.,bfb26da4-677e-43b1-951d-eaf74aeefc08,728108ca,20250523_160029,0.7629166666666667,4.051666666666667,0.0,none,[],0.0,0.0,0.0,0.0,0.0,0.0,0.3658498230249054,185,0.21022727272727273,0.31994598981602274,Moderate,4
economic impacts and jobs,0.3613262693694684,scenario two is better because no job,13035d06-a388-4fce-af9d-72a60b89aeba,Would you prefer Scenario 1 or 2? Please explain what makes one of these scenarios better to you than the other.,11023cdd-3976-48b5-9c15-fd289128a391,728108ca,20250523_160029,0.5645833333333334,3.2583333333333337,0.0,none,[],0.0,0.0,0.0,0.0,0.0,0.0,0.3613262693694684,37,0.042045454545454546,0.26165171986899954,Moderate,4
economic impacts and jobs,0.3609373713838865,"1. It preserves having a job, I don’t think that scenario 2 fits everyone, a lot of people will have no job or money.",13035d06-a388-4fce-af9d-72a60b89aeba,Would you prefer Scenario 1 or 2? Please explain what makes one of these scenarios better to you than the other.,566c98fc-fc1c-4a53-9a5e-e9f2042619fe,728108ca,20250523_160029,0.7729166666666667,4.091666666666667,0.0,none,[],0.0,0.0,0.0,0.0,0.0,0.0,0.3609373713838865,117,0.13295454545454546,0.3122537364323425,Moderate,4
economic impacts and jobs,0.3585066806151719,time economy,91fcb570-ec08-458e-af99-d9df0650384a,"What has been the most noticeable change in your daily life, if any, as a result of AI in the past year?",17f2bcaf-533d-4d68-a8b4-1a9946bf5892,728108ca,20250523_160029,0.6116666666666667,3.4466666666666668,0.0,none,[],0.0,0.0,0.0,0.0,0.0,0.0,0.3585066806151719,12,0.013636363636363636,0.2670996419430385,Moderate,4
economic impacts and jobs,0.3574305507295395,"1, AI can optimize clear and measurable metrics for economic and scientific growth.",ab69fbbb-d63c-4820-9ed1-8192b1ffd7e9,Would you prefer Scenario 1 or 2? Please explain what makes one of these scenarios better to you than the other.,8d185c3f-ab4b-4599-9e42-2f52fee18337,728108ca,20250523_160029,0.7275,3.91,0.0,none,[],0.1111111111111111,0.0,0.0,0.0,0.0,0.0,0.3574305507295395,83,0.09431818181818181,0.29790403847363406,Moderate,4
economic impacts and jobs,0.3565798751183819,2 as it poses less of a risk to replacing humans in the workforce,13035d06-a388-4fce-af9d-72a60b89aeba,Would you prefer Scenario 1 or 2? Please explain what makes one of these scenarios better to you than the other.,f33687d8-5d0d-4f65-b97d-d8a7415f95f1,728108ca,20250523_160029,0.64375,3.575,0.0,none,[],0.1111111111111111,0.0,0.0,0.1111111111111111,0.0,0.0,0.3565798751183819,65,0.07386363636363637,0.2787683136837164,Moderate,4
economic impacts and jobs,0.3556227793887233,"1, It makes more sense and its the most beneficial to everyone, including the country ",ab69fbbb-d63c-4820-9ed1-8192b1ffd7e9,Would you prefer Scenario 1 or 2? Please explain what makes one of these scenarios better to you than the other.,1c7e2011-0d5a-45ad-a2f2-c13ac059fb99,728108ca,20250523_160029,0.7945833333333333,4.178333333333333,0.0,none,[],0.0,0.0,0.0,0.0,0.0,0.0,0.3556227793887233,86,0.09772727272727273,0.31093850569488324,Moderate,4
economic impacts and jobs,0.3547095497922395,"Not really because if you consume or spend less, that will affect the economy as well. Should let it go by its own course",a170b4e5-508e-471a-b0eb-38f882c87671,Would you want this future or not? Please explain why.,28eb2257-2c64-4a41-a11f-91707390c5ad,728108ca,20250523_160029,0.6375,3.55,0.0,none,[],0.0,0.0,0.0,0.0,0.0,0.0,0.3547095497922395,121,0.1375,0.2831338199168958,Moderate,4
economic impacts and jobs,0.354639677445582,Yes I think this is a useful use and helps people rather than replacing their jobs.,a170b4e5-508e-471a-b0eb-38f882c87671,Would you want this future or not? Please explain why.,ed662d65-976b-4535-b0bf-5779d0a5d153,728108ca,20250523_160029,0.5929166666666666,3.3716666666666666,0.0,none,[],0.0,0.0,0.0,0.0,0.0,0.0,0.354639677445582,83,0.09431818181818181,0.26987102249338435,Moderate,4
economic impacts and jobs,0.3546069188735245,"Yes, i like this. Ai has reduced the cost of input into business activities but has increased output. cost is also saved by large percantage.",a170b4e5-508e-471a-b0eb-38f882c87671,Would you want this future or not? Please explain why.,4b5d54b1-98cf-4d65-9a20-7ee95787ac66,728108ca,20250523_160029,0.7616666666666667,4.046666666666667,0.0,none,[],0.0,0.0,0.0,0.0,0.0,0.0,0.3546069188735245,141,0.16022727272727272,0.3101988281554704,Moderate,4
economic impacts and jobs,0.3538792038521579,no i would not because a lot of poeple would lost their jobs,0db7bbdf-847c-4e1b-a89b-22a8d8e6a02b,Would you want this future or not? Please explain why.,203fc9ab-fd66-4cc4-9610-a992e96026e2,728108ca,20250523_160029,0.7025,3.81,0.0,none,[],0.0,0.0,0.0,0.0,0.0,0.0,0.3538792038521579,60,0.06818181818181818,0.28886986335904496,Moderate,4
economic impacts and jobs,0.3533833094952571,"Scenario 2, people still get to keep their jobs",b20bea98-c3c3-4382-8842-b8ceab0f1d9d,Would you prefer Scenario 1 or 2? Please explain what makes one of these scenarios better to you than the other.,63c9d0c3-13a7-4d98-aaa1-e606dffa6bd6,728108ca,20250523_160029,0.7612500000000001,4.045,0.0,none,[],0.0,0.0,0.0,0.0,0.0,0.0,0.3533833094952571,47,0.053409090909090906,0.29894423288901195,Moderate,4
economic impacts and jobs,0.3527120491478756,Scenario 1 says that jobs and culture will be preserved,13035d06-a388-4fce-af9d-72a60b89aeba,Would you prefer Scenario 1 or 2? Please explain what makes one of these scenarios better to you than the other.,9838777f-fdb0-4c90-8154-ed17d0e6ada2,728108ca,20250523_160029,0.745,3.98,0.0,none,[],0.0,0.0,0.0,0.0,0.125,0.0,0.3527120491478756,55,0.0625,0.2963348196591502,Moderate,4
economic impacts and jobs,0.3517034604629359,"I prefer scenerio 2. With the use of AI , work output will be better and on the contrary that people will loose jobs . i tend to think what is important to human being is the production , and if it increases the resources too will increase.",13035d06-a388-4fce-af9d-72a60b89aeba,Would you prefer Scenario 1 or 2? Please explain what makes one of these scenarios better to you than the other.,9c58d6c7-cb38-40a6-ae18-f6f3651c28f3,728108ca,20250523_160029,0.8316666666666666,4.326666666666666,0.0,none,[],0.1111111111111111,0.0,0.0,0.0,0.0,0.0,0.3517034604629359,240,0.2727272727272727,0.334287444791235,Moderate,4
economic impacts and jobs,0.3490857966612398,"2 - more creative jobs to humans less sadness in the world

+ ppl can finally see what is their value as a human not as working individual",13035d06-a388-4fce-af9d-72a60b89aeba,Would you prefer Scenario 1 or 2? Please explain what makes one of these scenarios better to you than the other.,440d8318-c21d-4995-8e0f-d0015b95d2f7,728108ca,20250523_160029,0.695,3.78,0.0,none,[],0.1111111111111111,0.0,0.0,0.0,0.0,0.0,0.3490857966612398,138,0.15681818181818183,0.2943161368463141,Moderate,4
economic impacts and jobs,0.3487707546340622,None. It is taking away human job,13035d06-a388-4fce-af9d-72a60b89aeba,Would you prefer Scenario 1 or 2? Please explain what makes one of these scenarios better to you than the other.,6a211816-3fa4-44ba-82d2-d4369a7801d5,728108ca,20250523_160029,0.6429166666666667,3.5716666666666668,0.0,none,[],0.0,0.0,0.0,0.0,0.0,0.0,0.3487707546340622,33,0.0375,0.2718416351869582,Moderate,4
economic impacts and jobs,0.347193767887017,Yeah it sounds like it has significant benefits. It will reduce waste and save people money.,a170b4e5-508e-471a-b0eb-38f882c87671,Would you want this future or not? Please explain why.,118e3499-da7e-40f3-a142-95d66ff4544d,728108ca,20250523_160029,0.6839772727272728,3.7359090909090913,0.0,none,[],0.0,0.0,0.0,0.0,0.0,0.0,0.347193767887017,92,0.10454545454545454,0.28612750715480684,Moderate,4
economic impacts and jobs,0.3467633127597256,Neighbour should prefer scenario 1 because it increases economic growth and values to human ,cfa2af3e-2719-4b06-ac30-80acdf9a6840,Think about your neighbor - do you think your neighbor would prefer Scenario 1 or 2 future and why?,f3e34267-f875-470e-bf9f-ac4972dfe0e3,728108ca,20250523_160029,0.6995833333333333,3.798333333333334,0.0,none,[],0.1111111111111111,0.0,0.0,0.0,0.125,0.0,0.3467633127597256,92,0.10454545454545454,0.28907653722510235,Moderate,4
economic impacts and jobs,0.3419448815720511,"I don't like either of them because they replace a lot of human jobs, which can lead to economic instability or increased crime.",13035d06-a388-4fce-af9d-72a60b89aeba,Would you prefer Scenario 1 or 2? Please explain what makes one of these scenarios better to you than the other.,a5572e44-c62f-47c2-920a-39bb133cd5f4,728108ca,20250523_160029,0.7933333333333333,4.173333333333334,0.0,none,[],0.1111111111111111,0.0,0.0,0.0,0.0,0.0,0.3419448815720511,128,0.14545454545454545,0.3099900738409417,Moderate,4
economic impacts and jobs,0.3409231636771997,I would want it. Cause it improves the economic value of the country ,a170b4e5-508e-471a-b0eb-38f882c87671,Would you want this future or not? Please explain why.,eea482b6-acb4-4123-9308-cc32ca393f85,728108ca,20250523_160029,0.8341666666666667,4.336666666666667,0.0,none,[],0.1111111111111111,0.0,0.0,0.0,0.0,0.0,0.3409231636771997,69,0.07840909090909091,0.3110435078951223,Moderate,4
economic impacts and jobs,0.3400295593202673,"Scenario 2, because AIs should take on jobs that are not creative, and could be useful for people to have more leisure. However, it would also have risks, since it would be taking the jobs of talented people in the accounting and logistics areas.",13035d06-a388-4fce-af9d-72a60b89aeba,Would you prefer Scenario 1 or 2? Please explain what makes one of these scenarios better to you than the other.,f10200e8-12d9-4e3e-b816-bcfabd9d7bc3,728108ca,20250523_160029,0.7241666666666666,3.8966666666666665,0.0,none,[],0.0,0.0,0.0,0.1111111111111111,0.0,0.0,0.3400295593202673,246,0.27954545454545454,0.3087997025159857,Moderate,4
economic impacts and jobs,0.3395891987506997,Scenario 1 is better due to economic value,ab69fbbb-d63c-4820-9ed1-8192b1ffd7e9,Would you prefer Scenario 1 or 2? Please explain what makes one of these scenarios better to you than the other.,2d682f4d-00ce-402f-8b19-a59127822385,728108ca,20250523_160029,0.7649999999999999,4.06,0.0,none,[],0.1111111111111111,0.0,0.0,0.0,0.0,0.0,0.3395891987506997,42,0.04772727272727273,0.29360840677300715,Moderate,4
economic impacts and jobs,0.3395633369236755,"Scenario 1,since humans will not loose all the jobs to AI",13035d06-a388-4fce-af9d-72a60b89aeba,Would you prefer Scenario 1 or 2? Please explain what makes one of these scenarios better to you than the other.,38078b60-12d8-49b7-b221-7fea46aadaa1,728108ca,20250523_160029,0.7695833333333333,4.078333333333333,0.0,none,[],0.0,0.0,0.0,0.0,0.0,0.0,0.3395633369236755,57,0.06477272727272727,0.2962192741634096,Moderate,4
economic impacts and jobs,0.3387152434405389,"Yes, the positive impact and many things that humans help with can be noticed, with no, or few, negatives that are almost unnoticeable.",0db7bbdf-847c-4e1b-a89b-22a8d8e6a02b,Would you want this future or not? Please explain why.,1febfcfc-bc09-4987-93a6-c170b75775dc,728108ca,20250523_160029,0.7316666666666667,3.9266666666666663,0.0,none,[],0.0,0.0,0.0,0.0,0.0,0.0,0.3387152434405389,135,0.1534090909090909,0.297160339800458,Moderate,4
economic impacts and jobs,0.3379396580122854,"Scenario 1 is better, because 2 is basically job loss for so many people at that time. No stability means not being able to live normal lives anymore",13035d06-a388-4fce-af9d-72a60b89aeba,Would you prefer Scenario 1 or 2? Please explain what makes one of these scenarios better to you than the other.,28eb2257-2c64-4a41-a11f-91707390c5ad,728108ca,20250523_160029,0.6375,3.55,0.0,none,[],0.1111111111111111,0.0,0.0,0.0,0.0,0.0,0.3379396580122854,149,0.1693181818181818,0.27960768138673237,Moderate,4
economic impacts and jobs,0.3372151200941756,Perhaps I missed talking about the environmental impact or the impact on oppressed communities.,ded5e02c-b488-4fee-9487-552f965ca972,"Lastly, is there anything you felt you could not express in this conversation that you want to make sure the people working on this know?",65bf80f9-754a-42f7-8286-24c502a1ac3e,728108ca,20250523_160029,0.6966666666666667,3.786666666666666,0.0,none,[],0.0,0.0,0.0,0.0,0.0,0.0,0.3372151200941756,95,0.10795454545454546,0.2850148359164581,Moderate,4
economic impacts and jobs,0.3368069735783713,Yes. It's very positive both for the environment and also when it comes to savings some income. ,a170b4e5-508e-471a-b0eb-38f882c87671,Would you want this future or not? Please explain why.,28817b91-26e1-41e9-9476-d19ccf30160b,728108ca,20250523_160029,0.7366666666666667,3.946666666666667,0.0,none,[],0.1111111111111111,0.0,0.0,0.0,0.0,0.0,0.3368069735783713,96,0.10909090909090909,0.29296521367377276,Moderate,4
economic impacts and jobs,0.3337619215804355,"I don't like either scenario. The first scenario severely restricts human labor, and the second scenario could lead to a decline in the workforce and serious economic problems.",13035d06-a388-4fce-af9d-72a60b89aeba,Would you prefer Scenario 1 or 2? Please explain what makes one of these scenarios better to you than the other.,1f8d3e1b-199c-4b0b-9340-ed3696611af1,728108ca,20250523_160029,0.7941666666666667,4.176666666666667,0.0,none,[],0.2222222222222222,0.0,0.0,0.0,0.0,0.0,0.3337619215804355,176,0.2,0.3123381019655076,Moderate,4
economic impacts and jobs,0.3336725734277772,Scenario 2s potential to fundamentally reshape the nature of work and society gives it greater weight,13035d06-a388-4fce-af9d-72a60b89aeba,Would you prefer Scenario 1 or 2? Please explain what makes one of these scenarios better to you than the other.,42478af1-3e9e-4bab-add7-abe37b025523,728108ca,20250523_160029,0.7983333333333333,4.193333333333333,0.0,none,[],0.1111111111111111,0.0,0.0,0.0,0.0,0.0,0.3336725734277772,101,0.11477272727272728,0.3046129687650503,Moderate,4
economic impacts and jobs,0.3334377632574748,No. Because his livelihood and job will be affected.,33d71c79-81fb-430a-8dba-0709dd93f1cb,Think about your neighbor - do you think your neighbor would want this future and why?,bddcb897-5356-44fc-8bd2-ccdcb4d74515,728108ca,20250523_160029,0.7129166666666666,3.8516666666666666,0.0,none,[],0.1111111111111111,0.0,0.0,0.0,0.0,0.0,0.3334377632574748,52,0.05909090909090909,0.2818675295454142,Moderate,4
economic impacts and jobs,0.3333207453130984,financial decisions have a huge impact on the lives of humans,52e883fc-9719-40e2-bc12-ae84c4ac5b27,Please explain whether you agree or disagree and why.,77804968-0b99-4a5b-9e84-0b43b8c14252,728108ca,20250523_160029,0.8133333333333334,4.253333333333334,0.0,none,[],0.1111111111111111,0.0,0.0,0.0,0.0,0.0,0.3333207453130984,61,0.06931818181818182,0.3029267829737242,Moderate,4
economic impacts and jobs,0.3316790524645557,Ai agent can help for impact financial or purchase,52e883fc-9719-40e2-bc12-ae84c4ac5b27,Please explain whether you agree or disagree and why.,173354cb-1f89-4202-ace9-6a88f43d86ec,728108ca,20250523_160029,0.7604166666666666,4.041666666666666,0.0,none,[],0.1111111111111111,0.0,0.0,0.0,0.0,0.0,0.3316790524645557,50,0.056818181818181816,0.2904367725009738,Moderate,4
economic impacts and jobs,0.330906501932848,no because we need AI to create more job opportunities for humans,a170b4e5-508e-471a-b0eb-38f882c87671,Would you want this future or not? Please explain why.,927b9c4b-2da5-41b6-8465-5c1ef0fa83ea,728108ca,20250523_160029,0.4579166666666667,2.831666666666667,0.0,none,[],0.0,0.0,0.0,0.0,0.0,0.0,0.330906501932848,65,0.07386363636363637,0.23133229774283617,Moderate,4
economic impacts and jobs,0.3308657014953276,"Yes. Through reducing wastage of funds, people will have more disposable income that will will be used in other activities hence leading to increased money circulation in the society",a170b4e5-508e-471a-b0eb-38f882c87671,Would you want this future or not? Please explain why.,55d748c9-f0ae-444f-a4a7-20c8a49f3435,728108ca,20250523_160029,0.83625,4.345000000000001,0.0,none,[],0.1111111111111111,0.0,0.0,0.0,0.0,0.0,0.3308657014953276,182,0.20681818181818182,0.3202780987799492,Moderate,4
economic impacts and jobs,0.3296528609664878,A lot of people I know have lost their jobs and have had their CEOs blame AIs.,91fcb570-ec08-458e-af99-d9df0650384a,"What has been the most noticeable change in your daily life, if any, as a result of AI in the past year?",daa63136-3ae3-4778-b5c4-f15f8cea1e4d,728108ca,20250523_160029,0.3658333333333333,2.463333333333334,0.0,none,[],0.0,0.0,0.0,0.0,0.0,0.0,0.3296528609664878,78,0.08863636363636364,0.21389144741689814,Moderate,4
economic impacts and jobs,0.3287011631660351,1 increase in productivity,13035d06-a388-4fce-af9d-72a60b89aeba,Would you prefer Scenario 1 or 2? Please explain what makes one of these scenarios better to you than the other.,77eba8ea-d6b6-4afc-b36f-abb243606753,728108ca,20250523_160029,0.8858333333333334,4.543333333333333,0.0,none,[],0.0,0.0,0.0,0.0,0.0,0.0,0.3287011631660351,26,0.029545454545454545,0.3116016773876262,Moderate,4
economic impacts and jobs,0.3286144550720099,"scenario 1 for AI to optimize for clear, measurable metrics like economic growth and scientific discoveries",ab69fbbb-d63c-4820-9ed1-8192b1ffd7e9,Would you prefer Scenario 1 or 2? Please explain what makes one of these scenarios better to you than the other.,0c163693-0b07-46cc-90b9-ab8f6a6248fc,728108ca,20250523_160029,0.85125,4.404999999999999,0.0,none,[],0.1111111111111111,0.0,0.0,0.0,0.0,0.0,0.3286144550720099,107,0.1215909090909091,0.3138548729378949,Moderate,4
economic impacts and jobs,0.3282162797096097,"2. Many people still need jobs, AI is best to use just a tool",13035d06-a388-4fce-af9d-72a60b89aeba,Would you prefer Scenario 1 or 2? Please explain what makes one of these scenarios better to you than the other.,a4562461-b5eb-426e-a18d-697e5a83095f,728108ca,20250523_160029,0.7641666666666667,4.056666666666667,0.0,none,[],0.0,0.0,0.0,0.0,0.0,0.0,0.3282162797096097,61,0.06931818181818182,0.29105166339899546,Moderate,4
economic impacts and jobs,0.3265231279097575,"They would prefer 1, as it doesn't concern them much also economic growth is important so they would definitely go for that and also they would definitely agree on the assumption of people can't be added into quantifying process ",cfa2af3e-2719-4b06-ac30-80acdf9a6840,Think about your neighbor - do you think your neighbor would prefer Scenario 1 or 2 future and why?,582def79-6d29-4072-8792-65d3f1c242dc,728108ca,20250523_160029,0.7579166666666667,4.031666666666666,0.2,mild,['concern'],0.1111111111111111,0.0,0.0,0.0,0.0,0.0,0.3265231279097575,229,0.26022727272727275,0.3682153117699636,Moderate,4
economic impacts and jobs,0.3257184930588044,1. AI probably can make economic growth better and leave the complex decision to real human ,ab69fbbb-d63c-4820-9ed1-8192b1ffd7e9,Would you prefer Scenario 1 or 2? Please explain what makes one of these scenarios better to you than the other.,a4562461-b5eb-426e-a18d-697e5a83095f,728108ca,20250523_160029,0.7641666666666667,4.056666666666667,0.0,none,[],0.1111111111111111,0.0,0.0,0.0,0.0,0.0,0.3257184930588044,92,0.10454545454545454,0.29357527601140054,Moderate,4
economic impacts and jobs,0.3250564389412161,I support 1 interms of job stability and 2 interms of meaningful work.,13035d06-a388-4fce-af9d-72a60b89aeba,Would you prefer Scenario 1 or 2? Please explain what makes one of these scenarios better to you than the other.,6f9e76b8-16e0-4f5c-a1c1-aae463e16cc6,728108ca,20250523_160029,0.7125,3.85,0.0,none,[],0.1111111111111111,0.0,0.0,0.0,0.0,0.0,0.3250564389412161,70,0.07954545454545454,0.2804771210310319,Moderate,4
economic impacts and jobs,0.3243867247914201,scenario 2 sounds good because humans get to do their job and afford a living,13035d06-a388-4fce-af9d-72a60b89aeba,Would you prefer Scenario 1 or 2? Please explain what makes one of these scenarios better to you than the other.,4a2fd9b7-f0c3-4e3a-87dc-f69df567d037,728108ca,20250523_160029,0.7666666666666667,4.066666666666666,0.0,none,[],0.0,0.0,0.0,0.0,0.0,0.0,0.3243867247914201,77,0.0875,0.2918380232499014,Moderate,4
economic impacts and jobs,0.3242395012730341,50/50. I think many people will lose their job like the influencers,a170b4e5-508e-471a-b0eb-38f882c87671,Would you want this future or not? Please explain why.,14590c64-3ee7-421e-bce5-11a5b0ce4e5e,728108ca,20250523_160029,0.7141666666666668,3.8566666666666674,0.0,none,[],0.0,0.0,0.0,0.0,0.0,0.0,0.3242395012730341,67,0.07613636363636364,0.2801427702061834,Moderate,4
economic impacts and jobs,0.323791955441526,"Yes, because it would focus on immediate benefits rather than analyzing all the possible implications for human development.",33d71c79-81fb-430a-8dba-0709dd93f1cb,Think about your neighbor - do you think your neighbor would want this future and why?,983d08bc-82df-43ed-9875-4d9e2bf9e72d,728108ca,20250523_160029,0.6941666666666667,3.776666666666667,0.0,none,[],0.0,0.0,0.0,0.0,0.0,0.0,0.323791955441526,124,0.1409090909090909,0.28244102460085285,Moderate,4
economic impacts and jobs,0.3237546814249045,yes because it will be more helpful to the eco system and invirement in general.,a170b4e5-508e-471a-b0eb-38f882c87671,Would you want this future or not? Please explain why.,167414f4-44d8-47ef-af95-f6d083935263,728108ca,20250523_160029,0.6004166666666667,3.401666666666667,0.0,none,[],0.0,0.0,0.0,0.0,0.0,0.0,0.3237546814249045,80,0.09090909090909091,0.25867611499420423,Moderate,4
economic impacts and jobs,0.3209886176608614,I prefer option 2 because it provides the public with a new employment model after traditional jobs are replaced by AI.,13035d06-a388-4fce-af9d-72a60b89aeba,Would you prefer Scenario 1 or 2? Please explain what makes one of these scenarios better to you than the other.,b2054100-ab3d-45ca-b21c-46a71c78066c,728108ca,20250523_160029,0.6595833333333334,3.6383333333333336,0.0,none,[],0.1111111111111111,0.0,0.0,0.0,0.125,0.0,0.3209886176608614,119,0.13522727272727272,0.27383484100373856,Moderate,4
economic impacts and jobs,0.3205827429755661,"1 bc clear, measurable metrics like economic growth and scientific discoveries",ab69fbbb-d63c-4820-9ed1-8192b1ffd7e9,Would you prefer Scenario 1 or 2? Please explain what makes one of these scenarios better to you than the other.,bca25771-2ed6-440d-b798-d3af57ef9357,728108ca,20250523_160029,0.5354166666666667,3.1416666666666666,0.0,none,[],0.1111111111111111,0.0,0.0,0.0,0.0,0.0,0.3205827429755661,78,0.08863636363636364,0.24418006688719612,Moderate,4
economic impacts and jobs,0.3204640550808967,Scenario 1 is better because the company company continues to operate regularly means no jobs lost due to AI,eb87f6c5-a2de-49f2-a1a5-5efd42cd19bf,Would you prefer Scenario 1 or 2? Please explain what makes one of these scenarios better to you than the other.,77876b6c-97b3-4020-8195-2ebfc52e0423,728108ca,20250523_160029,0.8345833333333333,4.338333333333333,0.0,none,[],0.0,0.0,0.0,0.0,0.0,0.0,0.3204640550808967,108,0.12272727272727273,0.30737501597175265,Moderate,4
economic impacts and jobs,0.3203580025106735,"Scenario 1, because it maintains the employment stability that we know.",13035d06-a388-4fce-af9d-72a60b89aeba,Would you prefer Scenario 1 or 2? Please explain what makes one of these scenarios better to you than the other.,ed4d4150-823f-4255-a08b-0f9e3e449cb6,728108ca,20250523_160029,0.7695833333333333,4.078333333333333,0.0,none,[],0.1111111111111111,0.0,0.0,0.0,0.0,0.0,0.3203580025106735,71,0.08068181818181819,0.29012804948911786,Moderate,4
economic impacts and jobs,0.3202132596003567,"Yes ,I am very happy to see if this type of positive effect happens in future in medical and mental support for human is very good 👍😊 

But but losing job is a major concern because of AI ",0db7bbdf-847c-4e1b-a89b-22a8d8e6a02b,Would you want this future or not? Please explain why.,981b4b2d-7722-4b9d-9dd6-add0901f0966,728108ca,20250523_160029,0.7612500000000001,4.045,0.2,mild,['concern'],0.0,0.0,0.0,0.0,0.0,0.0,0.3202132596003567,188,0.21363636363636362,0.3616989402037791,Moderate,4
economic impacts and jobs,0.3201192864407434,yes I think this would beneficial to create less consumption resulting in better care for the environment and saving money.,a170b4e5-508e-471a-b0eb-38f882c87671,Would you want this future or not? Please explain why.,f5e6d17e-b3f2-4c86-b179-3c38408ef40e,728108ca,20250523_160029,0.7383333333333333,3.953333333333333,0.0,none,[],0.0,0.0,0.0,0.0,0.0,0.0,0.3201192864407434,123,0.13977272727272727,0.2896916539702367,Moderate,4
economic impacts and jobs,0.3200511202743889,"Higher productivity
",91fcb570-ec08-458e-af99-d9df0650384a,"What has been the most noticeable change in your daily life, if any, as a result of AI in the past year?",71e0641f-6bfa-4a91-b4fb-3317f3e14fc5,728108ca,20250523_160029,0.4591666666666667,2.836666666666667,0.0,none,[],0.0,0.0,0.0,0.0,0.0,0.0,0.3200511202743889,20,0.022727272727272728,0.22212650871581618,Moderate,4
economic impacts and jobs,0.319201031591188,1 since both consumer and employees are involved ,eb87f6c5-a2de-49f2-a1a5-5efd42cd19bf,Would you prefer Scenario 1 or 2? Please explain what makes one of these scenarios better to you than the other.,18af77fe-5f36-458c-a4a9-84484490b196,728108ca,20250523_160029,0.6666666666666667,3.666666666666667,0.0,none,[],0.0,0.0,0.0,0.0,0.0,0.0,0.319201031591188,49,0.05568181818181818,0.26658192778799034,Moderate,4
economic impacts and jobs,0.3185953274918857,scenario 1 as AI should replace jobs of human but rather help to make job easier,13035d06-a388-4fce-af9d-72a60b89aeba,Would you prefer Scenario 1 or 2? Please explain what makes one of these scenarios better to you than the other.,0c163693-0b07-46cc-90b9-ab8f6a6248fc,728108ca,20250523_160029,0.85125,4.404999999999999,0.0,none,[],0.0,0.0,0.0,0.0,0.0,0.0,0.3185953274918857,80,0.09090909090909091,0.3067790400876634,Moderate,4
economic impacts and jobs,0.3179924005709028,"Second. Traditional career path is already in the past with thousands of new jobs appearing. Influencers were not here 15 years ago and now their job is exactly what is described here. AI was created to handle routing tasks and it will continue doing so leaving us more time to do more meaningful things that bring us joy in life, allow for more time with families and friends and self-realisation in our hobbies.",13035d06-a388-4fce-af9d-72a60b89aeba,Would you prefer Scenario 1 or 2? Please explain what makes one of these scenarios better to you than the other.,d582a744-0aae-4bc4-88f8-14e9fd90628b,728108ca,20250523_160029,0.72875,3.915,0.0,none,[],0.1111111111111111,0.0,0.0,0.0,0.125,0.0,0.3179924005709028,413,0.4693181818181818,0.3198787784101793,Moderate,4
economic impacts and jobs,0.3175353778063576,Yes this is a positive impact if we can reduce waste and consume selectively based on necessity,a170b4e5-508e-471a-b0eb-38f882c87671,Would you want this future or not? Please explain why.,0c163693-0b07-46cc-90b9-ab8f6a6248fc,728108ca,20250523_160029,0.85125,4.404999999999999,0.0,none,[],0.0,0.0,0.0,0.0,0.0,0.0,0.3175353778063576,95,0.10795454545454546,0.3080596056679976,Moderate,4
economic impacts and jobs,0.3172468874497247,They are within their rights since it is an economic issue.,52e883fc-9719-40e2-bc12-ae84c4ac5b27,Please explain whether you agree or disagree and why.,87876ae1-ff4d-4030-82da-7db5d4e9585f,728108ca,20250523_160029,0.6429166666666667,3.5716666666666668,0.0,none,[],0.1111111111111111,0.0,0.0,0.0,0.0,0.0,0.3172468874497247,59,0.06704545454545455,0.2621866337677687,Moderate,4
economic impacts and jobs,0.3167758149854571,I would prefer 2 I think AI is a trap for middle and lower income class to loose their jobs in full and this is happening ,13035d06-a388-4fce-af9d-72a60b89aeba,Would you prefer Scenario 1 or 2? Please explain what makes one of these scenarios better to you than the other.,dcfb7258-bb5c-47ff-87d6-f45d9f9020d9,728108ca,20250523_160029,0.8054166666666667,4.221666666666667,0.0,none,[],0.1111111111111111,0.0,0.0,0.0,0.0,0.0,0.3167758149854571,122,0.13863636363636364,0.30165729569115257,Moderate,4
economic impacts and jobs,0.3167264263903253,"Neither sounds good. The first diminishes the autonomy, sense of purpose, and creativity that a job can often provide, but the second takes away access to money from many people who don't have a college education, for example, or who enjoy doing routine tasks. Furthermore, I find it unrealistic that universal access to a basic income exists in the second scenario.",13035d06-a388-4fce-af9d-72a60b89aeba,Would you prefer Scenario 1 or 2? Please explain what makes one of these scenarios better to you than the other.,65bf80f9-754a-42f7-8286-24c502a1ac3e,728108ca,20250523_160029,0.6966666666666667,3.786666666666666,0.0,none,[],0.1111111111111111,0.1111111111111111,0.0,0.0,0.0,0.125,0.3167264263903253,366,0.4159090909090909,0.3076148129803725,Moderate,4
economic impacts and jobs,0.3158377316006274,"I don't like it, because even tho it would help with managing emotional distress and mental health, i think it would take away jobs of real people. ",0db7bbdf-847c-4e1b-a89b-22a8d8e6a02b,Would you want this future or not? Please explain why.,c95712a8-b8a9-45a7-a376-ca82c6b0fe3b,728108ca,20250523_160029,0.6570833333333334,3.6283333333333334,0.0,none,[],0.0,0.0,0.0,0.0,0.0,0.0,0.3158377316006274,148,0.16818181818181818,0.27456994112509947,Moderate,4
economic impacts and jobs,0.3156661835421904,Scenario 1 because the workforce and allowances are not affected. the robots should only come supplement but not to render humans jobless especially in developing nations,13035d06-a388-4fce-af9d-72a60b89aeba,Would you prefer Scenario 1 or 2? Please explain what makes one of these scenarios better to you than the other.,edd0a047-d6c3-47bd-b680-b9a47cb081a4,728108ca,20250523_160029,0.79625,4.1850000000000005,0.0,none,[],0.1111111111111111,0.0,0.0,0.0,0.0,0.0,0.3156661835421904,170,0.19318181818181818,0.3048346552350579,Moderate,4
economic impacts and jobs,0.3130788910709339,"i would prefer sc 2 cause impacts everyone, so decision making should include diverse perspectives not just corporate interests. while it might slow things down due to disagreements it helps to ensure ai developments are ethical, fair and aligned with public needs.",eb87f6c5-a2de-49f2-a1a5-5efd42cd19bf,Would you prefer Scenario 1 or 2? Please explain what makes one of these scenarios better to you than the other.,8f1ba1c2-edb9-47c3-ba4a-77c1933d3369,728108ca,20250523_160029,0.7341666666666666,3.9366666666666665,0.0,none,[],0.0,0.0,0.0,0.0,0.0,0.0,0.3130788910709339,265,0.30113636363636365,0.30217852612534324,Moderate,4
economic impacts and jobs,0.3129419840882143,"I am not sure that every neighbour is particularly knowledgeable about economics, so public opinion might be misguided here either way ",cfa2af3e-2719-4b06-ac30-80acdf9a6840,Think about your neighbor - do you think your neighbor would prefer Scenario 1 or 2 future and why?,71f0a07c-ac59-45c1-811c-55693878be7a,728108ca,20250523_160029,0.8745833333333334,4.498333333333333,0.0,none,[],0.1111111111111111,0.0,0.0,0.0,0.0,0.0,0.3129419840882143,135,0.1534090909090909,0.31543436939286146,Moderate,4
economic impacts and jobs,0.3112701252978648,I will prefer Scenerio 1 as it helps in economic growth.,ab69fbbb-d63c-4820-9ed1-8192b1ffd7e9,Would you prefer Scenario 1 or 2? Please explain what makes one of these scenarios better to you than the other.,67c63be9-7376-4499-a669-7786bb1a595f,728108ca,20250523_160029,0.5779166666666666,3.3116666666666665,0.0,none,[],0.1111111111111111,0.0,0.0,0.0,0.0,0.0,0.3112701252978648,56,0.06363636363636363,0.24645501981611562,Moderate,4
faith and religion,0.48112191723012,"No, we are in the same community and faith.",33d71c79-81fb-430a-8dba-0709dd93f1cb,Think about your neighbor - do you think your neighbor would want this future and why?,df9591af-e5b4-4fb1-9d2f-0fd876dc374d,728108ca,20250523_160029,0.6658333333333333,3.663333333333333,0.0,none,[],0.0,0.0,0.125,0.0,0.0,0.0,0.48112191723012,43,0.048863636363636366,0.33050179719507833,Moderate,0
faith and religion,0.4679485305909094,"2 BECAUSE,EACH RELIGION OR PLACE HAS DIFFERENT BELIEFS AND ETHICS.",b20bea98-c3c3-4382-8842-b8ceab0f1d9d,Would you prefer Scenario 1 or 2? Please explain what makes one of these scenarios better to you than the other.,5a606718-c052-4f84-b9a0-0a4bca9df6f6,728108ca,20250523_160029,0.6233333333333333,3.493333333333333,0.0,none,[],0.0,0.0,0.0,0.0,0.25,0.0,0.4679485305909094,66,0.075,0.31934607890303046,Moderate,0
faith and religion,0.4585688446449292,1. They are old-fashioned and devoutly religious.,cfa2af3e-2719-4b06-ac30-80acdf9a6840,Think about your neighbor - do you think your neighbor would prefer Scenario 1 or 2 future and why?,a9b21430-9bcf-4bf3-88da-65b174a34938,728108ca,20250523_160029,0.6045833333333334,3.4183333333333334,0.0,none,[],0.0,0.0,0.0,0.0,0.0,0.0,0.4585688446449292,49,0.05568181818181818,0.3099123863428202,Moderate,0
faith and religion,0.4398528451974904,i would pick 1 because it is with the best interest it doesn't change who we are but helps us preserve our tradition and religion,b20bea98-c3c3-4382-8842-b8ceab0f1d9d,Would you prefer Scenario 1 or 2? Please explain what makes one of these scenarios better to you than the other.,4311474e-5376-421d-9f8e-57336cd57f27,728108ca,20250523_160029,0.6704166666666667,3.681666666666666,0.0,none,[],0.0,0.0,0.0,0.0,0.25,0.0,0.4398528451974904,129,0.14659090909090908,0.32468356232142037,Moderate,0
faith and religion,0.4300764063072804,I think 2 is better because it can understand and respect people's religion and belief,b20bea98-c3c3-4382-8842-b8ceab0f1d9d,Would you prefer Scenario 1 or 2? Please explain what makes one of these scenarios better to you than the other.,615b444a-9624-4cd6-9eb6-b3451c0e5d14,728108ca,20250523_160029,0.7108333333333334,3.8433333333333337,0.0,none,[],0.0,0.0,0.0,0.0,0.125,0.0,0.4300764063072804,86,0.09772727272727273,0.3239699564623061,Moderate,0
faith and religion,0.4264322827999998,Second one I don't think ai should be in the same relam as religion it should be a seperate thing but it should respect all religions ,b20bea98-c3c3-4382-8842-b8ceab0f1d9d,Would you prefer Scenario 1 or 2? Please explain what makes one of these scenarios better to you than the other.,c4e002f7-007f-4839-93b8-e7254c0ad013,728108ca,20250523_160029,0.8508333333333333,4.403333333333333,0.0,none,[],0.0,0.0,0.0,0.0,0.125,0.0,0.4264322827999998,134,0.15227272727272728,0.35596685251393934,Moderate,0
faith and religion,0.4204332528061275,Some questions were leading. You are also not representing non-religious people by requiring them to answer about the input and trust into their religious leaders. I don't have any.,ded5e02c-b488-4fee-9487-552f965ca972,"Lastly, is there anything you felt you could not express in this conversation that you want to make sure the people working on this know?",866e7a19-33ba-4706-8982-2f207854ddf5,728108ca,20250523_160029,0.6370833333333334,3.548333333333334,0.0,none,[],0.0,0.0,0.0,0.0,0.0,0.0,0.4204332528061275,181,0.2056818181818182,0.31615814960729954,Moderate,0
faith and religion,0.4037474685869959,Agree. People have belief and trust issues. ,0443cd28-8742-43fa-8c89-3ede8d10b365,Please explain whether you agree or disagree and why.,8df43016-9347-44d9-9ba4-d23187e0666a,728108ca,20250523_160029,0.7895833333333333,4.158333333333333,0.0,none,[],0.0,0.0,0.0,0.0,0.0,0.0,0.4037474685869959,44,0.05,0.32441565410146506,Moderate,0
faith and religion,0.3910162863268778,"2

Religion is evil.
Not all traditions are useful and logical.
Humanity needs to unite, develop concepts for the future, where the role of religion and traditions will be minimal.",b20bea98-c3c3-4382-8842-b8ceab0f1d9d,Would you prefer Scenario 1 or 2? Please explain what makes one of these scenarios better to you than the other.,d3ba99d9-c550-4967-b1fd-cd5a0614969d,728108ca,20250523_160029,0.8595833333333334,4.4383333333333335,0.0,none,[],0.0,0.0,0.0,0.0,0.25,0.0,0.3910162863268778,180,0.20454545454545456,0.34877772665196327,Moderate,0
faith and religion,0.3900532951052291,Scenario 1. It’s important to recognise the differences between different cultures and religions ,b20bea98-c3c3-4382-8842-b8ceab0f1d9d,Would you prefer Scenario 1 or 2? Please explain what makes one of these scenarios better to you than the other.,17d979c0-e07d-43e8-845a-541eb8f23502,728108ca,20250523_160029,0.7683333333333333,4.073333333333333,0.0,none,[],0.0,0.0,0.0,0.0,0.25,0.0,0.3900532951052291,97,0.11022727272727273,0.32071071198148565,Moderate,0
faith and religion,0.3831622508439618,I would prefer scenario 2 because religion should not be a big part in the future.,b20bea98-c3c3-4382-8842-b8ceab0f1d9d,Would you prefer Scenario 1 or 2? Please explain what makes one of these scenarios better to you than the other.,a6ce5884-5df6-46da-92a3-e16d3ee46f81,728108ca,20250523_160029,0.7079166666666666,3.8316666666666666,0.0,none,[],0.0,0.0,0.0,0.0,0.125,0.0,0.3831622508439618,82,0.09318181818181819,0.3041664154890999,Moderate,0
faith and religion,0.3826045806265718,"Neither. AI should never go near religion, culture or ethics",b20bea98-c3c3-4382-8842-b8ceab0f1d9d,Would you prefer Scenario 1 or 2? Please explain what makes one of these scenarios better to you than the other.,8b2d2b63-295a-4b61-8d95-b1be3204ffa1,728108ca,20250523_160029,0.6933333333333334,3.7733333333333334,0.0,none,[],0.0,0.0,0.0,0.0,0.25,0.0,0.3826045806265718,60,0.06818181818181818,0.2985266807354773,Moderate,0
faith and religion,0.3824137688068836,I highly doubt it. I'm in a fairly religious country at the moment. ,33d71c79-81fb-430a-8dba-0709dd93f1cb,Think about your neighbor - do you think your neighbor would want this future and why?,f04c986f-91c4-4f8a-b607-59e45874903a,728108ca,20250523_160029,0.7875,4.15,0.0,none,[],0.0,0.0,0.0,0.0,0.0,0.0,0.3824137688068836,68,0.07727272727272727,0.31819278025002623,Moderate,0
faith and religion,0.3786493262442632,"Scenario 1, because AI using out of traditional,religion,local values",b20bea98-c3c3-4382-8842-b8ceab0f1d9d,Would you prefer Scenario 1 or 2? Please explain what makes one of these scenarios better to you than the other.,fccc3e22-7649-47c5-a121-0b2030e8d3c1,728108ca,20250523_160029,0.92125,4.6850000000000005,0.0,none,[],0.0,0.0,0.0,0.0,0.375,0.0,0.3786493262442632,69,0.07840909090909091,0.34355063958861437,Moderate,0
faith and religion,0.3695079290530992,"Definitely Scenario 2, I am a person who doesn't believe in religion but in science and the good learnings and teachings from all the religions.",b20bea98-c3c3-4382-8842-b8ceab0f1d9d,Would you prefer Scenario 1 or 2? Please explain what makes one of these scenarios better to you than the other.,fea20601-f6df-47cf-b631-672c98192aad,728108ca,20250523_160029,0.815,4.26,0.0,none,[],0.0,0.0,0.0,0.0,0.125,0.0,0.3695079290530992,144,0.16363636363636364,0.3271668079848761,Moderate,0
faith and religion,0.3683690051943358,"Scenario 1. We have diverse culture and religions

",b20bea98-c3c3-4382-8842-b8ceab0f1d9d,Would you prefer Scenario 1 or 2? Please explain what makes one of these scenarios better to you than the other.,1ffdb989-7287-4c14-83e3-3c0b03a3dd28,728108ca,20250523_160029,0.6433333333333333,3.5733333333333333,0.0,none,[],0.0,0.0,0.0,0.0,0.25,0.0,0.3683690051943358,51,0.05795454545454545,0.28180972328985554,Moderate,0
faith and religion,0.3671335079581128,I don't believe. He is religious and would most likely reject this type of treatment immediately.,33d71c79-81fb-430a-8dba-0709dd93f1cb,Think about your neighbor - do you think your neighbor would want this future and why?,f82c6422-7f32-4591-b8c2-6639e058ea33,728108ca,20250523_160029,0.7391666666666666,3.9566666666666666,0.0,none,[],0.0,0.0,0.0,0.0,0.0,0.0,0.3671335079581128,97,0.11022727272727273,0.30570946378930575,Moderate,0
faith and religion,0.3644598117112368,Scenario 2 looks good but the emotions in humans towards their religion will keep questioning the global framework and conflicts are bound to happen frequently.,b20bea98-c3c3-4382-8842-b8ceab0f1d9d,Would you prefer Scenario 1 or 2? Please explain what makes one of these scenarios better to you than the other.,be1f2d84-3a8a-4569-ba03-1c83bdb4dc51,728108ca,20250523_160029,0.7941666666666667,4.176666666666667,0.1,mild,['questioning'],0.1111111111111111,0.0,0.0,0.0,0.125,0.0,0.3644598117112368,160,0.18181818181818182,0.35279907619964623,Moderate,0
faith and religion,0.3601851595041592,"I prefer scenario 2 because I believe in a world where we can all coexist despite our different faiths. So, the world is one big family and there should be something that we all have in common in spite of our varied background",b20bea98-c3c3-4382-8842-b8ceab0f1d9d,Would you prefer Scenario 1 or 2? Please explain what makes one of these scenarios better to you than the other.,1cac2db1-e5ce-48b9-afd9-9726e65eb1b1,728108ca,20250523_160029,0.7983333333333333,4.193333333333333,0.0,none,[],0.0,0.0,0.0,0.0,0.0,0.0,0.3601851595041592,226,0.25681818181818183,0.3294225486501486,Moderate,0
faith and religion,0.3601565027207044,"2,con fidencf",13035d06-a388-4fce-af9d-72a60b89aeba,Would you prefer Scenario 1 or 2? Please explain what makes one of these scenarios better to you than the other.,925382f5-d47e-4013-894f-a9fc32f8ace6,728108ca,20250523_160029,0.6179166666666667,3.4716666666666667,0.0,none,[],0.0,0.0,0.0,0.0,0.0,0.0,0.3601565027207044,13,0.014772727272727272,0.2691232071488878,Moderate,0
faith and religion,0.3584128792011147,I would prefer scenario 2 I would say because Religion is also a factor me where God has made a match for every person and not with an AI especially its man made,63a99154-3b0e-4375-aaa1-6665f699f6d6,Would you prefer Scenario 1 or 2? Please explain what makes one of these scenarios better to you than the other.,000ccdf0-8943-4682-aca8-cad7922c538b,728108ca,20250523_160029,0.7329166666666667,3.931666666666666,0.0,none,[],0.0,0.0,0.0,0.0,0.125,0.0,0.3584128792011147,161,0.18295454545454545,0.3082439395592338,Moderate,0
faith and religion,0.3579778463720958,"Not all moral issues presented are common practice to me, also the god belief was not presented in this research. ",ded5e02c-b488-4fee-9487-552f965ca972,"Lastly, is there anything you felt you could not express in this conversation that you want to make sure the people working on this know?",a7710429-4ffb-4c02-a886-fb26e7f72c77,728108ca,20250523_160029,0.6491666666666668,3.596666666666667,0.0,none,[],0.0,0.0,0.0,0.0,0.0,0.0,0.3579778463720958,114,0.12954545454545455,0.28597901733671716,Moderate,0
faith and religion,0.3576316916022134,"I think option 1 is better, that is, different communities have different AI systems and different ethical frameworks. I don’t necessarily agree with the religious beliefs of all races, but I respect their religious beliefs.",63a99154-3b0e-4375-aaa1-6665f699f6d6,Would you prefer Scenario 1 or 2? Please explain what makes one of these scenarios better to you than the other.,bbfff3cc-8287-4da6-a0b6-441e73c6df94,728108ca,20250523_160029,0.8470833333333333,4.388333333333334,0.0,none,[],0.1111111111111111,0.0,0.0,0.0,0.125,0.0,0.3576316916022134,224,0.2545454545454545,0.3379238887620975,Moderate,0
faith and religion,0.3559975358398344,Scenario 1 a it values local custom and religious laws,b20bea98-c3c3-4382-8842-b8ceab0f1d9d,Would you prefer Scenario 1 or 2? Please explain what makes one of these scenarios better to you than the other.,7a8ef50f-ce7b-424e-9efa-057a517605c7,728108ca,20250523_160029,0.7683333333333334,4.073333333333334,0.0,none,[],0.0,0.0,0.0,0.0,0.125,0.0,0.3559975358398344,54,0.06136363636363636,0.3022020446389641,Moderate,0
faith and religion,0.3557664173655814,"Scenario 1. It is good when everyone can get something that they can deeply connect with with regards to their backgrounds; be it religion, traditional,sexual, spiritual among other factors ",b20bea98-c3c3-4382-8842-b8ceab0f1d9d,Would you prefer Scenario 1 or 2? Please explain what makes one of these scenarios better to you than the other.,896f413d-b0ef-436d-b565-672987fa7738,728108ca,20250523_160029,0.7025,3.81,0.0,none,[],0.0,0.0,0.0,0.0,0.25,0.0,0.3557664173655814,190,0.2159090909090909,0.3043974760371417,Moderate,0
faith and religion,0.3536852068585729,"No, she is a Christian.",33d71c79-81fb-430a-8dba-0709dd93f1cb,Think about your neighbor - do you think your neighbor would want this future and why?,e3ba3c5b-9b87-4430-ad0f-0079e6c31516,728108ca,20250523_160029,0.6508333333333334,3.6033333333333335,0.0,none,[],0.0,0.0,0.0,0.0,0.0,0.0,0.3536852068585729,23,0.026136363636363635,0.27425438577373223,Moderate,0
faith and religion,0.3524311373471186,"2, because it can identify diverse cultures and religions and can provide the information on the basis of these.",b20bea98-c3c3-4382-8842-b8ceab0f1d9d,Would you prefer Scenario 1 or 2? Please explain what makes one of these scenarios better to you than the other.,8d185c3f-ab4b-4599-9e42-2f52fee18337,728108ca,20250523_160029,0.7275,3.91,0.0,none,[],0.0,0.0,0.0,0.0,0.25,0.0,0.3524311373471186,112,0.12727272727272726,0.29919972766612013,Moderate,0
faith and religion,0.3509955253309955,"because AI chatbot was trained by some people and some faith, so it has some fairness",9cc4f2fc-dee9-4196-b1c7-b437544668c8,Can you explain why you gave that trust score to your AI chatbot?,758a6e22-2154-480c-afe0-d6e04fb1bdb8,728108ca,20250523_160029,0.5,2.5,0.0,none,[],0.0,0.0,0.0,0.0,0.0,0.0,0.3509955253309955,85,0.09659090909090909,0.2500573010414891,Moderate,0
faith and religion,0.3506966050150255,"Snerio 1 because  as long we use Al,  then traditional  values of the society  a d religion  should  be fully respected ",b20bea98-c3c3-4382-8842-b8ceab0f1d9d,Would you prefer Scenario 1 or 2? Please explain what makes one of these scenarios better to you than the other.,f13bfcc6-ef90-4351-9abf-b0700f3db1ad,728108ca,20250523_160029,0.7575000000000001,4.03,0.0,none,[],0.0,0.0,0.0,0.0,0.375,0.0,0.3506966050150255,120,0.13636363636363635,0.30541500564237384,Moderate,0
faith and religion,0.3497770029391712,"Scenario 2. I find that religion and culture, while giving people a sense of identity, are often what divides them. Humans have a tribalist instinct and using AI systems split into local values and traditions would only drive them further. Hence, a universal AI system that combines collective human wisdom would be better. Facts are facts no matter where one is, and it'd be beneficial if everyone learns from the same base of facts. ",b20bea98-c3c3-4382-8842-b8ceab0f1d9d,Would you prefer Scenario 1 or 2? Please explain what makes one of these scenarios better to you than the other.,69436f2e-0fe6-4ae5-9771-a51ed25ebb73,728108ca,20250523_160029,0.7166666666666667,3.8666666666666663,0.0,none,[],0.0,0.0,0.0,0.0,0.625,0.0,0.3497770029391712,435,0.4943181818181818,0.33267595269082,Moderate,0
faith and religion,0.3476602154096329,involving AI with relegion that is a recipi for disaster.,b20bea98-c3c3-4382-8842-b8ceab0f1d9d,Would you prefer Scenario 1 or 2? Please explain what makes one of these scenarios better to you than the other.,167414f4-44d8-47ef-af95-f6d083935263,728108ca,20250523_160029,0.6004166666666667,3.401666666666667,0.0,none,[],0.0,0.0,0.0,0.0,0.0,0.0,0.3476602154096329,57,0.06477272727272727,0.2656246922244592,Moderate,0
faith and religion,0.3407543550997101,People should be able to choose what to trust.,52e883fc-9719-40e2-bc12-ae84c4ac5b27,Please explain whether you agree or disagree and why.,639026b0-f65f-476b-875b-06e7b64f5ee4,728108ca,20250523_160029,0.8337500000000001,4.335000000000001,0.0,none,[],0.0,0.0,0.0,0.0,0.0,0.0,0.3407543550997101,46,0.05227272727272727,0.3082790147671568,Moderate,0
faith and religion,0.3395224299008688,"Scenario 1, we must preserve one's culture, religious affiliation, and values. This is what makes us human and different from one another. Scenario 2 seems to taking away our freedom of choice. And who gets to decide on what the ethical framework should be.  ",b20bea98-c3c3-4382-8842-b8ceab0f1d9d,Would you prefer Scenario 1 or 2? Please explain what makes one of these scenarios better to you than the other.,7efdbf45-8634-409b-98e7-42a4b7f759d3,728108ca,20250523_160029,0.7695833333333333,4.078333333333333,0.0,none,[],0.1111111111111111,0.1111111111111111,0.0,0.0,0.25,0.0,0.3395224299008688,259,0.2943181818181818,0.31915745680883234,Moderate,0
faith and religion,0.3381341384656952,"1, atleast it will have the respect for every one culture  and religion

",b20bea98-c3c3-4382-8842-b8ceab0f1d9d,Would you prefer Scenario 1 or 2? Please explain what makes one of these scenarios better to you than the other.,80036e21-83ff-4308-9a6e-da7ea86af091,728108ca,20250523_160029,0.8483333333333334,4.3933333333333335,0.0,none,[],0.0,0.0,0.0,0.0,0.25,0.0,0.3381341384656952,73,0.08295454545454546,0.3132157765983993,Moderate,0
faith and religion,0.3361422313356687,Scenario 2 I think the universal aspect is better as compared to the religious aspect.,b20bea98-c3c3-4382-8842-b8ceab0f1d9d,Would you prefer Scenario 1 or 2? Please explain what makes one of these scenarios better to you than the other.,73722739-5719-41db-b39a-9a40f898b62d,728108ca,20250523_160029,0.7229166666666667,3.8916666666666666,0.0,none,[],0.0,0.0,0.0,0.0,0.0,0.0,0.3361422313356687,86,0.09772727272727273,0.28881295314032807,Moderate,0
faith and religion,0.3355033010288173,"None of them. Deciding on major ethical, moral or religious issues requires the cooperation of people from different cultures.",b20bea98-c3c3-4382-8842-b8ceab0f1d9d,Would you prefer Scenario 1 or 2? Please explain what makes one of these scenarios better to you than the other.,462414f9-aa0b-4572-92b1-d52e25683c67,728108ca,20250523_160029,0.7533333333333334,4.013333333333334,0.0,none,[],0.0,0.0,0.0,0.0,0.125,0.0,0.3355033010288173,126,0.1431818181818182,0.29918616889637545,Moderate,0
faith and religion,0.3332773884790782,"Absolutely scenario 2. In the future world, especially if scenario 2 is taken in the previous question, there is absolutely no place for the local clusters of religious influence, no matter what the religion is.",b20bea98-c3c3-4382-8842-b8ceab0f1d9d,Would you prefer Scenario 1 or 2? Please explain what makes one of these scenarios better to you than the other.,f01f2d43-9896-4a2c-8d46-d4ccbb3c04e7,728108ca,20250523_160029,0.905,4.62,0.0,none,[],0.0,0.0,0.0,0.0,0.125,0.0,0.3332773884790782,211,0.23977272727272728,0.338288228118904,Moderate,0
faith and religion,0.3318475888572936,Yes. Please don't mix AI with culture or religion. It is a scientific orientation and it should be removed from the cult of religion and it's influence. It's a product of 21st century not 6th century. Thank you so much. ,ded5e02c-b488-4fee-9487-552f965ca972,"Lastly, is there anything you felt you could not express in this conversation that you want to make sure the people working on this know?",1e206e6a-56f6-41ac-83d1-bdf87477748e,728108ca,20250523_160029,0.7133333333333333,3.853333333333333,0.0,none,[],0.0,0.0,0.0,0.0,0.25,0.0,0.3318475888572936,220,0.25,0.3004057022095841,Moderate,0
faith and religion,0.3311560056573623,"agree, to know the amount of trust to put in",0443cd28-8742-43fa-8c89-3ede8d10b365,Please explain whether you agree or disagree and why.,99f4c06d-9d57-4841-99f5-c0fe6105452a,728108ca,20250523_160029,0.7304166666666666,3.9216666666666664,0.0,none,[],0.0,0.0,0.0,0.0,0.0,0.0,0.3311560056573623,44,0.05,0.28354573559627827,Moderate,0
faith and religion,0.3305053408377018,Credibility ,52e883fc-9719-40e2-bc12-ae84c4ac5b27,Please explain whether you agree or disagree and why.,d604af23-b667-4034-8273-36f658c1f685,728108ca,20250523_160029,0.6124999999999999,3.4499999999999997,0.0,none,[],0.0,0.0,0.0,0.0,0.0,0.0,0.3305053408377018,12,0.013636363636363636,0.25606577269871705,Moderate,0
faith and religion,0.3299524124299907,"Thinking about my neighbor (an elderly Christian lady), I believe that she would not like this future, precisely because of the ethical dilemmas. For example, I, who am younger, can understand the benefits and risks and am willing to take them. Religions must also be taken into consideration, although I do not have one, other people do, as is the case with my neighbor, and I believe that she would not like decisions such as death to be made by artificial intelligence.",33d71c79-81fb-430a-8dba-0709dd93f1cb,Think about your neighbor - do you think your neighbor would want this future and why?,27dbbced-0b3c-4ade-bf1c-6f1f386b67da,728108ca,20250523_160029,0.8362499999999999,4.345,0.0,none,[],0.0,0.0,0.0,0.1111111111111111,0.125,0.25,0.3299524124299907,472,0.5363636363636364,0.35286732860835995,Moderate,2
faith and religion,0.3293894624778356,to increase trust,52e883fc-9719-40e2-bc12-ae84c4ac5b27,Please explain whether you agree or disagree and why.,1c77b149-f144-4451-8f77-a351ffb3787f,728108ca,20250523_160029,0.7483333333333334,3.9933333333333336,0.0,none,[],0.0,0.0,0.0,0.0,0.0,0.0,0.3293894624778356,17,0.019318181818181818,0.28335426983961914,Moderate,0
faith and religion,0.3292397640256056,I don't prefer both scenarios. AI is made for scientific development and for the betterment of humanity. It should always be scientific. It shouldn't get mixed with the cult of religion. It is religious leader's  duty to preserve their religion. Not AI's.,b20bea98-c3c3-4382-8842-b8ceab0f1d9d,Would you prefer Scenario 1 or 2? Please explain what makes one of these scenarios better to you than the other.,1e206e6a-56f6-41ac-83d1-bdf87477748e,728108ca,20250523_160029,0.7133333333333333,3.853333333333333,0.0,none,[],0.0,0.0,0.0,0.0,0.125,0.0,0.3292397640256056,255,0.2897727272727273,0.30333984500418165,Moderate,0
faith and religion,0.3263971353797936,"scenario 2 , I want an ai to be rational and not influenced by any faith, culture or religion ",b20bea98-c3c3-4382-8842-b8ceab0f1d9d,Would you prefer Scenario 1 or 2? Please explain what makes one of these scenarios better to you than the other.,ce323bfd-7753-465c-8009-3566a84ca875,728108ca,20250523_160029,0.5895833333333333,3.3583333333333334,0.0,none,[],0.0,0.0,0.0,0.0,0.25,0.0,0.3263971353797936,94,0.10681818181818181,0.2591573390004023,Moderate,0
faith and religion,0.3253660900497648,It's a trust issue,0443cd28-8742-43fa-8c89-3ede8d10b365,Please explain whether you agree or disagree and why.,d0710cc7-51f4-4792-af9a-f0b109a6c3e4,728108ca,20250523_160029,0.68875,3.755,0.0,none,[],0.0,0.0,0.0,0.0,0.0,0.0,0.3253660900497648,18,0.020454545454545454,0.2699418905653605,Moderate,0
faith and religion,0.3235980618228784,"this is part of integrity and this is a value that all should uphold irrespective of the site or technology used,",0443cd28-8742-43fa-8c89-3ede8d10b365,Please explain whether you agree or disagree and why.,c7e24338-d55d-4d16-b97b-e1f8893ccbec,728108ca,20250523_160029,0.9045833333333334,4.618333333333334,0.0,none,[],0.0,0.0,0.0,0.0,0.0,0.0,0.3235980618228784,113,0.12840909090909092,0.32319680048672716,Moderate,0
faith and religion,0.3235130123547946,Scenario 2 because AI can be fit in philosophy and all but not in a religion base,b20bea98-c3c3-4382-8842-b8ceab0f1d9d,Would you prefer Scenario 1 or 2? Please explain what makes one of these scenarios better to you than the other.,e474fee5-fdd1-4662-a26e-c0b389e28e3d,728108ca,20250523_160029,0.6387499999999999,3.5549999999999997,0.0,none,[],0.0,0.0,0.0,0.0,0.125,0.0,0.3235130123547946,81,0.09204545454545454,0.2663597503964633,Moderate,0
faith and religion,0.3216345551026495,"2, I don't feel that AI should be influnced with various religious ideals, especially as they can easily be used to somewhat influence the decision making. ",b20bea98-c3c3-4382-8842-b8ceab0f1d9d,Would you prefer Scenario 1 or 2? Please explain what makes one of these scenarios better to you than the other.,09f4b739-d358-41bb-97e9-085ae5049343,728108ca,20250523_160029,0.7449999999999999,3.979999999999999,0.0,none,[],0.0,0.0,0.0,0.0,0.0,0.0,0.3216345551026495,156,0.17727272727272728,0.2953810947683325,Moderate,0
faith and religion,0.3186904970193925,"I believe that they just might - as overall, this will not be depending much on religion, ethnicity or anything else, it will be impartial decisions and improvement in all aspects for everyone. Therefore I dont see what obstacles can be for acceptance of this solution.",33d71c79-81fb-430a-8dba-0709dd93f1cb,Think about your neighbor - do you think your neighbor would want this future and why?,f01f2d43-9896-4a2c-8d46-d4ccbb3c04e7,728108ca,20250523_160029,0.905,4.62,0.0,none,[],0.0,0.0,0.0,0.0,0.125,0.0,0.3186904970193925,269,0.30568181818181817,0.33904438062593883,Moderate,0
faith and religion,0.3146117541284465,I disagree with both as AI should be restricted in religious activities. It's just a machine so keep it away from humans personal beliefs and cultures. ,b20bea98-c3c3-4382-8842-b8ceab0f1d9d,Would you prefer Scenario 1 or 2? Please explain what makes one of these scenarios better to you than the other.,fd07c59c-8a9e-4f60-b6f0-fe31864a4bcd,728108ca,20250523_160029,0.6770833333333334,3.7083333333333335,0.0,none,[],0.0,0.0,0.0,0.0,0.25,0.0,0.3146117541284465,152,0.17272727272727273,0.2785340955907725,Moderate,0
faith and religion,0.3139540901001508,"Yes the ai should work on my behalf but I should have most of the authority 

And ai should not make fun of religions",ded5e02c-b488-4fee-9487-552f965ca972,"Lastly, is there anything you felt you could not express in this conversation that you want to make sure the people working on this know?",c4e002f7-007f-4839-93b8-e7254c0ad013,728108ca,20250523_160029,0.8508333333333333,4.403333333333333,0.0,none,[],0.1111111111111111,0.0,0.0,0.0,0.125,0.0,0.3139540901001508,117,0.13295454545454546,0.3090437572521816,Moderate,0
faith and religion,0.3130978971472341,"I don't think so, because it's more religious and I wouldn't consider it ethical.",33d71c79-81fb-430a-8dba-0709dd93f1cb,Think about your neighbor - do you think your neighbor would want this future and why?,2c78e96e-fc29-4aa6-9f36-4d8e8c934307,728108ca,20250523_160029,0.7841666666666667,4.136666666666667,0.0,none,[],0.0,0.0,0.0,0.0,0.0,0.0,0.3130978971472341,81,0.09204545454545454,0.2912770376467725,Moderate,0
faith and religion,0.3130411726210708,I will slightly prefer sceneraio 1 because it will keep the identity for each religious ethical or cultural groups and the technology presented by Ai will not affect the beliefs of individuals ,b20bea98-c3c3-4382-8842-b8ceab0f1d9d,Would you prefer Scenario 1 or 2? Please explain what makes one of these scenarios better to you than the other.,7f604581-8879-42bc-beb6-7392da689e59,728108ca,20250523_160029,0.8233333333333334,4.293333333333333,0.0,none,[],0.0,0.0,0.0,0.0,0.25,0.0,0.3130411726210708,193,0.21931818181818183,0.31181495389691316,Moderate,0
faith and religion,0.3115252820577038,I think scenario 1 because every culture and religion has its own roots and values. We cannot generalize everything globally.,b20bea98-c3c3-4382-8842-b8ceab0f1d9d,Would you prefer Scenario 1 or 2? Please explain what makes one of these scenarios better to you than the other.,b3a6a1d2-92ba-4d3d-99c3-1dc2222cbe2d,728108ca,20250523_160029,0.7191666666666667,3.876666666666667,0.0,none,[],0.0,0.0,0.0,0.0,0.375,0.0,0.3115252820577038,125,0.14204545454545456,0.2826479916109603,Moderate,0
faith and religion,0.311451650585642,"The second seems more in line with how we are or should be, and not so sectarian; in the end, that's not how we evolve.",b20bea98-c3c3-4382-8842-b8ceab0f1d9d,Would you prefer Scenario 1 or 2? Please explain what makes one of these scenarios better to you than the other.,49437200-26c2-4a4c-b665-8e27a1e9aba6,728108ca,20250523_160029,0.94,4.76,0.0,none,[],0.0,0.0,0.0,0.0,0.0,0.0,0.311451650585642,119,0.13522727272727272,0.3261033875069841,Moderate,0
faith and religion,0.3036863483148904,"My neighbors on the left, no, because I have the impression that they are relatively religious and those on the right yes, because they are nerds.",33d71c79-81fb-430a-8dba-0709dd93f1cb,Think about your neighbor - do you think your neighbor would want this future and why?,ab80572b-e31e-4ff0-ab0b-8c997031708f,728108ca,20250523_160029,0.7820833333333334,4.128333333333334,0.0,none,[],0.0,0.0,0.0,0.0,0.0,0.0,0.3036863483148904,146,0.16590909090909092,0.29448211508353195,Moderate,0
faith and religion,0.3030629707464354,Probably 1 as they hold traditional values!,c3a096ad-6ca5-4365-97f8-c6e36071bc58,Think about your neighbor - do you think your neighbor would prefer Scenario 1 or 2 future and why?,8232fd52-4e82-4d74-836a-90e0704b8b89,728108ca,20250523_160029,0.7229166666666667,3.8916666666666666,0.0,none,[],0.0,0.0,0.0,0.0,0.25,0.0,0.3030629707464354,43,0.048863636363636366,0.2706948852682711,Moderate,0
faith and religion,0.3028186168033098,"Two sounds better, but it has to be carefully fed with information directly from the source and not presumptions from other cultures or religions.",b20bea98-c3c3-4382-8842-b8ceab0f1d9d,Would you prefer Scenario 1 or 2? Please explain what makes one of these scenarios better to you than the other.,1b2aa72b-924a-4ecf-87e3-f06d2e2badf1,728108ca,20250523_160029,0.7466666666666667,3.986666666666667,0.0,none,[],0.0,0.0,0.0,0.0,0.25,0.0,0.3028186168033098,146,0.16590909090909092,0.28705168914556634,Moderate,0
faith and religion,0.3027382025377124,Scenario 2 because they're traditionalists,cfa2af3e-2719-4b06-ac30-80acdf9a6840,Think about your neighbor - do you think your neighbor would prefer Scenario 1 or 2 future and why?,561b2b7f-adfc-42be-806d-c794e272983a,728108ca,20250523_160029,0.5583333333333333,3.2333333333333334,0.0,none,[],0.0,0.0,0.0,0.0,0.125,0.0,0.3027382025377124,42,0.04772727272727273,0.23753467495447889,Moderate,0
faith and religion,0.3011322693964088,I prefer scenario 1 because respecting all religions and cultures is important to preserve diversity.,b20bea98-c3c3-4382-8842-b8ceab0f1d9d,Would you prefer Scenario 1 or 2? Please explain what makes one of these scenarios better to you than the other.,42cc5c10-4e21-492c-ac34-a7678098fe2c,728108ca,20250523_160029,0.7166666666666667,3.8666666666666663,0.0,none,[],0.0,0.0,0.0,0.0,0.25,0.0,0.3011322693964088,101,0.11477272727272728,0.2752635138191696,Moderate,0
faith and religion,0.3005406173802388,"I suppose scenario 2, i am not sure how it would be doable, issues may rise with the strong religious people, it would definitely be a problem to tackle with care and sensitivity so things wouldn't get out out hands or become even violent (protests or such)",b20bea98-c3c3-4382-8842-b8ceab0f1d9d,Would you prefer Scenario 1 or 2? Please explain what makes one of these scenarios better to you than the other.,05bb7978-6e40-4874-8aa9-b401f8558c03,728108ca,20250523_160029,0.8016666666666666,4.206666666666667,0.0,none,[],0.0,0.0,0.0,0.0,0.0,0.0,0.3005406173802388,257,0.29204545454545455,0.3097541257399743,Moderate,0
faith and religion,0.3004656089863768,No. I do not think. They believe much more on human capabilities and are over religious and believe things such as AI are tools that manipulate mankind and steps away from what God intended to. ,33d71c79-81fb-430a-8dba-0709dd93f1cb,Think about your neighbor - do you think your neighbor would want this future and why?,46c5d106-648b-48de-948d-339bff1baa15,728108ca,20250523_160029,0.7479166666666667,3.9916666666666663,0.0,none,[],0.0,0.0,0.0,0.0,0.0,0.0,0.3004656089863768,194,0.22045454545454546,0.2918150314733386,Moderate,0
faith and religion,0.2998643082730819,"None. AI should not choose one side in religion, ethics and morals and act through it. This will destroy the evolution of everything. Because morals, ethics and even religions change over time and as the present society wants from them. And if AI will choose to function in such ways as in 1 and 2 options, then we will get stuck in a circle of information that does not change, but stagnates",b20bea98-c3c3-4382-8842-b8ceab0f1d9d,Would you prefer Scenario 1 or 2? Please explain what makes one of these scenarios better to you than the other.,ddb7ad21-9529-4e9b-b155-c72a1f9db6fd,728108ca,20250523_160029,0.6204166666666666,3.4816666666666665,0.0,none,[],0.0,0.0,0.0,0.0,0.125,0.0,0.2998643082730819,392,0.44545454545454544,0.28857451118802063,Moderate,0
faith and religion,0.298517421364165,Give useful trustful answers ,9cc4f2fc-dee9-4196-b1c7-b437544668c8,Can you explain why you gave that trust score to your AI chatbot?,e5361980-7ac2-4382-b5dc-04a9e68bcaf2,728108ca,20250523_160029,0.6849999999999999,3.74,0.0,none,[],0.0,0.0,0.0,0.0,0.0,0.0,0.298517421364165,29,0.03295454545454545,0.2597024230911205,Moderate,0
faith and religion,0.2961573997025875,I am not sure.  because  we could be having different  believes ,33d71c79-81fb-430a-8dba-0709dd93f1cb,Think about your neighbor - do you think your neighbor would want this future and why?,568c4552-40c6-4f32-a8cd-9da31be29497,728108ca,20250523_160029,0.8008333333333333,4.203333333333333,0.0,none,[],0.0,0.0,0.0,0.0,0.0,0.0,0.2961573997025875,64,0.07272727272727272,0.28590235382042894,Moderate,0
faith and religion,0.2951092789858025,2 because human relationships are somewhere important,63a99154-3b0e-4375-aaa1-6665f699f6d6,Would you prefer Scenario 1 or 2? Please explain what makes one of these scenarios better to you than the other.,88aceab5-5202-4afa-91de-93f2f22265bb,728108ca,20250523_160029,0.6837500000000001,3.735,0.0,none,[],0.0,0.0,0.125,0.0,0.0,0.0,0.2951092789858025,53,0.060227272727272727,0.2608164388670483,Moderate,0
faith and religion,0.294459022031352,common ethical practices mandates.,52e883fc-9719-40e2-bc12-ae84c4ac5b27,Please explain whether you agree or disagree and why.,de38f8df-23ab-4578-bff3-dccd79706a8b,728108ca,20250523_160029,0.5425,3.17,0.0,none,[],0.0,0.0,0.0,0.0,0.0,0.0,0.294459022031352,34,0.038636363636363635,0.23014724517617716,Moderate,0
faith and religion,0.2935308389506377,For transparency and trust,52e883fc-9719-40e2-bc12-ae84c4ac5b27,Please explain whether you agree or disagree and why.,14590c64-3ee7-421e-bce5-11a5b0ce4e5e,728108ca,20250523_160029,0.7141666666666668,3.8566666666666674,0.0,none,[],0.0,0.0,0.0,0.0,0.0,0.0,0.2935308389506377,26,0.029545454545454545,0.2632002143681339,Moderate,0
faith and religion,0.2931415872743744,"I transitioned from being religious to becoming an atheist. This change occurred due to the negative intentions I perceived as being imposed by religious leaders worldwide, which I found to be unfavorable. Nope,  AI is helping me to derive answers or find the data searching.",91fcb570-ec08-458e-af99-d9df0650384a,"What has been the most noticeable change in your daily life, if any, as a result of AI in the past year?",a8ba4f38-75eb-4369-8c6a-a8f59af7870b,728108ca,20250523_160029,0.8112499999999999,4.244999999999999,0.0,none,[],0.0,0.0,0.0,0.0,0.0,0.0,0.2931415872743744,275,0.3125,0.31075663490974975,Moderate,0
faith and religion,0.2925998913122702,I'm a muslim as a religion but I would not prefer an AI with islamic sharia law i would prefer option 2 here as everyone gets equal ,b20bea98-c3c3-4382-8842-b8ceab0f1d9d,Would you prefer Scenario 1 or 2? Please explain what makes one of these scenarios better to you than the other.,52209e78-4fcf-4012-b781-27e8c7023ad9,728108ca,20250523_160029,0.6920833333333334,3.7683333333333335,0.0,none,[],0.0,0.0,0.0,0.0,0.125,0.0,0.2925998913122702,132,0.15,0.2704566231915748,Moderate,0
faith and religion,0.2922346272119719,"Scenario 1 but personal I respect Bible values only.

In scenario 2 wrong educated and wrong minded politicians will decide values to follow that is dangerous for humanity. I respect only Bible values. I will not follow other values.

Scenario 2 give some freedom but it will misuse by most of the societies. But there is a hope.",b20bea98-c3c3-4382-8842-b8ceab0f1d9d,Would you prefer Scenario 1 or 2? Please explain what makes one of these scenarios better to you than the other.,6d3f8e8b-683a-4023-964b-8e8f0928f5b4,728108ca,20250523_160029,0.93,4.720000000000001,0.0,none,[],0.0,0.1111111111111111,0.0,0.1111111111111111,0.125,0.0,0.2922346272119719,329,0.37386363636363634,0.3402802145211524,Moderate,0
faith and religion,0.2913853719174433,probably 2 because 1 just sounds rather restrictive and promotes sectarianism. 2 at least allows us to learn from a broader range of cultures.,b20bea98-c3c3-4382-8842-b8ceab0f1d9d,Would you prefer Scenario 1 or 2? Please explain what makes one of these scenarios better to you than the other.,16c5cd93-8e02-4c81-865f-94156e9e448c,728108ca,20250523_160029,0.91,4.64,0.0,none,[],0.0,0.0,0.0,0.0,0.125,0.0,0.2913853719174433,142,0.16136363636363638,0.31469051240334095,Moderate,0
faith and religion,0.2872523195510302,"2 , it preserves tradition ",13035d06-a388-4fce-af9d-72a60b89aeba,Would you prefer Scenario 1 or 2? Please explain what makes one of these scenarios better to you than the other.,64594302-5337-49c0-a6b0-e7fc71031e2f,728108ca,20250523_160029,0.6191666666666666,3.4766666666666666,0.0,none,[],0.0,0.0,0.0,0.0,0.125,0.0,0.2872523195510302,27,0.03068181818181818,0.24180244297192724,Moderate,0
faith and religion,0.2870856106594001,"I think he wouldn't because he is old and doesn't understand the real value of technology. In addition to this, he is christian.",33d71c79-81fb-430a-8dba-0709dd93f1cb,Think about your neighbor - do you think your neighbor would want this future and why?,254f7150-2a78-45ea-a587-367e9bf1b9c9,728108ca,20250523_160029,0.6808333333333334,3.7233333333333336,0.0,none,[],0.0,0.0,0.0,0.0,0.0,0.0,0.2870856106594001,128,0.14545454545454545,0.2655463654758813,Moderate,0
faith and religion,0.2862487006288184,"I prefer 2 as there should a middle aspects in terms of people, world must be logical and not be guided as per their own preferences of traditional believe ",b20bea98-c3c3-4382-8842-b8ceab0f1d9d,Would you prefer Scenario 1 or 2? Please explain what makes one of these scenarios better to you than the other.,582def79-6d29-4072-8792-65d3f1c242dc,728108ca,20250523_160029,0.7579166666666667,4.031666666666666,0.0,none,[],0.0,0.0,0.0,0.0,0.125,0.0,0.2862487006288184,156,0.17727272727272728,0.28381008631213345,Moderate,0
faith and religion,0.2847248392531476,income,91fcb570-ec08-458e-af99-d9df0650384a,"What has been the most noticeable change in your daily life, if any, as a result of AI in the past year?",885f9334-b235-49ba-aa75-4d706c086429,728108ca,20250523_160029,0.3133333333333333,2.2533333333333334,0.0,none,[],0.1111111111111111,0.0,0.0,0.0,0.0,0.0,0.2847248392531476,6,0.006818181818181818,0.17723842054974387,Low,0
faith and religion,0.2846640497751616,because we want to know sources and see if we trust it,52e883fc-9719-40e2-bc12-ae84c4ac5b27,Please explain whether you agree or disagree and why.,cab00b44-c993-450a-9713-681c262ec063,728108ca,20250523_160029,0.59125,3.365,0.0,none,[],0.0,0.0,0.0,0.0,0.0,0.0,0.2846640497751616,54,0.06136363636363636,0.2382519835464283,Moderate,0
faith and religion,0.2846500666392766,Personal choice ,b665aaae-d02c-44f9-be26-70544d7beabe,Please explain whether you agree or disagree and why.,58ec9ccd-4574-443b-a419-d97afe67eb10,728108ca,20250523_160029,0.5941666666666667,3.376666666666667,0.0,none,[],0.0,0.0,0.0,0.0,0.0,0.0,0.2846500666392766,16,0.01818181818181818,0.23451154180722583,Moderate,0
faith and religion,0.2841924729263886,"No, my neighbors would likely not want this future either. As they believe in Islam, they would prioritize human involvement in end-of-life decisions. Islamic teachings emphasize the importance of family, compassion, and spiritual considerations when making such decisions. The role of AI might be seen as secondary or supplementary, with the ultimate decisions guided by faith and human connection.",33d71c79-81fb-430a-8dba-0709dd93f1cb,Think about your neighbor - do you think your neighbor would want this future and why?,5b4f60b1-caa7-4f6a-aa91-37f54886f848,728108ca,20250523_160029,0.8079166666666667,4.231666666666667,0.0,none,[],0.0,0.0,0.125,0.0,0.0,0.0,0.2841924729263886,399,0.45340909090909093,0.3206012315947979,Moderate,0
faith and religion,0.2837109382778388,"I can trust that it's doing its best to give me the possible resolution, but I distrust the use of my data - even in cases where I'm paying for the services. Hence, trust and distrust both exist equally.",9cc4f2fc-dee9-4196-b1c7-b437544668c8,Can you explain why you gave that trust score to your AI chatbot?,d7062826-f399-4b66-baa4-f82f23ad3515,728108ca,20250523_160029,0.7425,3.97,0.0,none,[],0.0,0.0,0.0,0.0,0.0,0.0,0.2837109382778388,203,0.23068181818181818,0.2850525571293174,Moderate,0
faith and religion,0.2828831582755979,"I don't think they would want it, they are a group of Christians",33d71c79-81fb-430a-8dba-0709dd93f1cb,Think about your neighbor - do you think your neighbor would want this future and why?,a9b21430-9bcf-4bf3-88da-65b174a34938,728108ca,20250523_160029,0.6045833333333334,3.4183333333333334,0.0,none,[],0.0,0.0,0.0,0.0,0.0,0.0,0.2828831582755979,64,0.07272727272727272,0.2413426572496331,Moderate,0
faith and religion,0.2805746369661417,Transparency and honesty are important,0443cd28-8742-43fa-8c89-3ede8d10b365,Please explain whether you agree or disagree and why.,7a32f42b-d4f1-4a47-9896-1e684442f320,728108ca,20250523_160029,0.5479166666666667,3.191666666666667,0.0,none,[],0.0,0.0,0.0,0.0,0.0,0.0,0.2805746369661417,38,0.04318181818181818,0.2261313699379719,Moderate,0
faith and religion,0.2805015546592808,dont trust them,fc1af587-5ded-4cbb-920a-52bea75ac0d8,Please explain whether you agree or disagree and why.,2438e9bc-7ef1-454c-9fb3-6f432f63efd0,728108ca,20250523_160029,0.6495833333333334,3.5983333333333336,0.0,none,[],0.0,0.0,0.0,0.0,0.0,0.0,0.2805015546592808,15,0.017045454545454544,0.24382183398492446,Moderate,0
faith and religion,0.2802589592983155,work,cfa2af3e-2719-4b06-ac30-80acdf9a6840,Think about your neighbor - do you think your neighbor would prefer Scenario 1 or 2 future and why?,927b9c4b-2da5-41b6-8465-5c1ef0fa83ea,728108ca,20250523_160029,0.4579166666666667,2.831666666666667,0.0,none,[],0.1111111111111111,0.0,0.0,0.0,0.0,0.0,0.2802589592983155,4,0.004545454545454545,0.20414146250720502,Moderate,0
faith and religion,0.2802589592983155,work,ab69fbbb-d63c-4820-9ed1-8192b1ffd7e9,Would you prefer Scenario 1 or 2? Please explain what makes one of these scenarios better to you than the other.,927b9c4b-2da5-41b6-8465-5c1ef0fa83ea,728108ca,20250523_160029,0.4579166666666667,2.831666666666667,0.0,none,[],0.1111111111111111,0.0,0.0,0.0,0.0,0.0,0.2802589592983155,4,0.004545454545454545,0.20414146250720502,Moderate,0
faith and religion,0.2802589592983155,work,0443cd28-8742-43fa-8c89-3ede8d10b365,Please explain whether you agree or disagree and why.,927b9c4b-2da5-41b6-8465-5c1ef0fa83ea,728108ca,20250523_160029,0.4579166666666667,2.831666666666667,0.0,none,[],0.1111111111111111,0.0,0.0,0.0,0.0,0.0,0.2802589592983155,4,0.004545454545454545,0.20414146250720502,Moderate,0
faith and religion,0.2802589592983155,work,b665aaae-d02c-44f9-be26-70544d7beabe,Please explain whether you agree or disagree and why.,927b9c4b-2da5-41b6-8465-5c1ef0fa83ea,728108ca,20250523_160029,0.4579166666666667,2.831666666666667,0.0,none,[],0.1111111111111111,0.0,0.0,0.0,0.0,0.0,0.2802589592983155,4,0.004545454545454545,0.20414146250720502,Moderate,0
faith and religion,0.2795273786141607,1 ....as it upholds and acknowledges importance of the different cultures,b20bea98-c3c3-4382-8842-b8ceab0f1d9d,Would you prefer Scenario 1 or 2? Please explain what makes one of these scenarios better to you than the other.,7f2f00be-6c9f-4259-bbe9-29ac712ec99b,728108ca,20250523_160029,0.7291666666666666,3.9166666666666665,0.0,none,[],0.0,0.0,0.0,0.0,0.125,0.0,0.2795273786141607,73,0.08295454545454546,0.2659397393244522,Moderate,0
faith and religion,0.2792160392798163,"2, because there's no end to the differences between cultures and religions and it can create chaos to have these separate AI systems.",b20bea98-c3c3-4382-8842-b8ceab0f1d9d,Would you prefer Scenario 1 or 2? Please explain what makes one of these scenarios better to you than the other.,74f5d406-40f9-4c7b-9718-c62b30ff6571,728108ca,20250523_160029,0.7345833333333333,3.938333333333333,0.0,none,[],0.0,0.0,0.0,0.0,0.25,0.0,0.2792160392798163,134,0.15227272727272728,0.27383035510586595,Moderate,0
faith and religion,0.278311174816631,Number 1 because they're traditionalists,c3a096ad-6ca5-4365-97f8-c6e36071bc58,Think about your neighbor - do you think your neighbor would prefer Scenario 1 or 2 future and why?,561b2b7f-adfc-42be-806d-c794e272983a,728108ca,20250523_160029,0.5583333333333333,3.2333333333333334,0.0,none,[],0.0,0.0,0.0,0.0,0.125,0.0,0.278311174816631,40,0.045454545454545456,0.22753659113877364,Moderate,0
faith and religion,0.2772747139310437,1. Respect different cultures,b20bea98-c3c3-4382-8842-b8ceab0f1d9d,Would you prefer Scenario 1 or 2? Please explain what makes one of these scenarios better to you than the other.,c108ed2c-de31-447f-a228-627e84aa5d1e,728108ca,20250523_160029,0.59,3.36,0.0,none,[],0.0,0.0,0.0,0.0,0.125,0.0,0.2772747139310437,29,0.03295454545454545,0.23220534011787203,Moderate,0
faith and religion,0.2771793900158341,2. Equal respect is the most important,b20bea98-c3c3-4382-8842-b8ceab0f1d9d,Would you prefer Scenario 1 or 2? Please explain what makes one of these scenarios better to you than the other.,ea3631cc-5bc5-43ca-b4a7-c348fc80bae5,728108ca,20250523_160029,0.49625,2.9850000000000003,0.0,none,[],0.0,0.0,0.0,0.0,0.0,0.0,0.2771793900158341,38,0.04318181818181818,0.21443993782451548,Moderate,0
faith and religion,0.2763165349812809,2 as 1 risk’s neglecting crucial human values ,ab69fbbb-d63c-4820-9ed1-8192b1ffd7e9,Would you prefer Scenario 1 or 2? Please explain what makes one of these scenarios better to you than the other.,e5361980-7ac2-4382-b5dc-04a9e68bcaf2,728108ca,20250523_160029,0.6849999999999999,3.74,0.0,none,[],0.0,0.0,0.0,0.1111111111111111,0.125,0.0,0.2763165349812809,46,0.05227272727272727,0.2527538867197851,Moderate,0
faith and religion,0.2758329686850902,"After all, it's a program, trust is not a value applicable to it. 



",9cc4f2fc-dee9-4196-b1c7-b437544668c8,Can you explain why you gave that trust score to your AI chatbot?,4c2c67dd-0b75-480b-a6c0-48c9d07b2a59,728108ca,20250523_160029,0.8945833333333334,4.578333333333333,0.0,none,[],0.0,0.0,0.0,0.0,0.0,0.0,0.2758329686850902,70,0.07954545454545454,0.29720439959524825,Moderate,0
faith and religion,0.2741864081971608,"to ensure trust, accountability, and user control, preventing hidden biases or unethical decisions",52e883fc-9719-40e2-bc12-ae84c4ac5b27,Please explain whether you agree or disagree and why.,1c7e2011-0d5a-45ad-a2f2-c13ac059fb99,728108ca,20250523_160029,0.7945833333333333,4.178333333333333,0.0,none,[],0.0,0.1111111111111111,0.0,0.0,0.0,0.0,0.2741864081971608,98,0.11136363636363636,0.2797275935818946,Moderate,0
faith and religion,0.2739536353146248,Accuracy,91fcb570-ec08-458e-af99-d9df0650384a,"What has been the most noticeable change in your daily life, if any, as a result of AI in the past year?",2c2af0bd-8b93-4b91-8c51-b721a6def5ee,728108ca,20250523_160029,0.7095833333333333,3.838333333333334,0.0,none,[],0.0,0.0,0.0,0.0,0.0,0.0,0.2739536353146248,8,0.00909090909090909,0.2524072117016075,Moderate,0
faith and religion,0.2734494253734189,makes it more credible and will make the user have more confidence in it.,52e883fc-9719-40e2-bc12-ae84c4ac5b27,Please explain whether you agree or disagree and why.,032945ff-f576-4794-a9b3-41719e57d47e,728108ca,20250523_160029,0.7075,3.83,0.0,none,[],0.0,0.0,0.0,0.0,0.0,0.0,0.2734494253734189,73,0.08295454545454546,0.2591752246948221,Moderate,0
faith and religion,0.2733658183529623,2 because of inclusivity,b20bea98-c3c3-4382-8842-b8ceab0f1d9d,Would you prefer Scenario 1 or 2? Please explain what makes one of these scenarios better to you than the other.,77eba8ea-d6b6-4afc-b36f-abb243606753,728108ca,20250523_160029,0.8858333333333334,4.543333333333333,0.0,none,[],0.0,0.0,0.0,0.0,0.0,0.0,0.2733658183529623,24,0.02727272727272727,0.2892402667351244,Moderate,0
faith and religion,0.2733345042236151,"2,inclusivity",eb87f6c5-a2de-49f2-a1a5-5efd42cd19bf,Would you prefer Scenario 1 or 2? Please explain what makes one of these scenarios better to you than the other.,925382f5-d47e-4013-894f-a9fc32f8ace6,728108ca,20250523_160029,0.6179166666666667,3.4716666666666667,0.0,none,[],0.0,0.0,0.0,0.0,0.0,0.0,0.2733345042236151,13,0.014772727272727272,0.2343944077500521,Moderate,0
faith and religion,0.2725256348242278,"2. 

Understanding and incorporating different cultures values and beliefs is a delicate matter. Humans can barely do it.",b20bea98-c3c3-4382-8842-b8ceab0f1d9d,Would you prefer Scenario 1 or 2? Please explain what makes one of these scenarios better to you than the other.,d499f75c-8a70-4acc-9635-6b26e7814bb8,728108ca,20250523_160029,0.7362500000000001,3.945,0.0,none,[],0.0,0.0,0.0,0.0,0.375,0.0,0.2725256348242278,121,0.1375,0.27001025392969114,Moderate,0
governance and regulation of AI,0.7405840127063177,"Regulation of AI is a grey area, and we don’t know if it could go wrong",b665aaae-d02c-44f9-be26-70544d7beabe,Please explain whether you agree or disagree and why.,5f04ac67-c713-4fd7-b2ce-5e52711b6fd3,728108ca,20250523_160029,0.635,3.54,0.0,none,[],0.0,0.0,0.0,0.0,0.0,0.0,0.7405840127063177,71,0.08068181818181819,0.4313017869007089,High,3
governance and regulation of AI,0.7369442526560634,how are this AI technologies regulated? there are no clear guidelines on this matter.,ded5e02c-b488-4fee-9487-552f965ca972,"Lastly, is there anything you felt you could not express in this conversation that you want to make sure the people working on this know?",a5db5a2a-dade-4647-8d99-0abe87246c42,728108ca,20250523_160029,0.7829166666666667,4.131666666666667,0.0,none,[],0.0,0.0,0.0,0.0,0.0,0.0,0.7369442526560634,85,0.09659090909090909,0.46102012530484965,High,3
governance and regulation of AI,0.7056502276931614,Will AI be positively regulated forever? The globalization of AI may be difficult.,ded5e02c-b488-4fee-9487-552f965ca972,"Lastly, is there anything you felt you could not express in this conversation that you want to make sure the people working on this know?",8b81fb32-598b-4b71-aa8c-400c4a004d3b,728108ca,20250523_160029,0.7495833333333333,3.998333333333333,0.0,none,[],0.0,0.0,0.0,0.0,0.0,0.0,0.7056502276931614,82,0.09318181818181819,0.4414949395621131,High,3
governance and regulation of AI,0.6947765783548016,AI is beneficial but it needs to be governed very carefully as the free use of AI could lead to some very detrimental decisions. ,ded5e02c-b488-4fee-9487-552f965ca972,"Lastly, is there anything you felt you could not express in this conversation that you want to make sure the people working on this know?",674bf735-a718-4583-8182-76f10ba6e969,728108ca,20250523_160029,0.7166666666666667,3.8666666666666663,0.0,none,[],0.0,0.0,0.0,0.0,0.0,0.0,0.6947765783548016,129,0.14659090909090908,0.43590305558434483,High,3
governance and regulation of AI,0.6903194122601729,"Scenario 1, humans should oversee AI functions ",13035d06-a388-4fce-af9d-72a60b89aeba,Would you prefer Scenario 1 or 2? Please explain what makes one of these scenarios better to you than the other.,3a5c4cbf-322b-4c7d-bfd6-aa70b752e53f,728108ca,20250523_160029,0.865,4.46,0.0,none,[],0.0,0.0,0.0,0.0,0.0,0.0,0.6903194122601729,47,0.053409090909090906,0.45446867399497826,High,3
governance and regulation of AI,0.6830386514132509,Option 2: This way AI can be regulated,ab69fbbb-d63c-4820-9ed1-8192b1ffd7e9,Would you prefer Scenario 1 or 2? Please explain what makes one of these scenarios better to you than the other.,e563d981-66bd-4f1d-9339-0d1cd2b04888,728108ca,20250523_160029,0.6891666666666667,3.756666666666667,0.0,none,[],0.0,0.0,0.0,0.0,0.0,0.0,0.6830386514132509,38,0.04318181818181818,0.4153669757168155,High,3
governance and regulation of AI,0.6770051000022929,I think AI governance frameworks need to be thought of in a structured way.,ded5e02c-b488-4fee-9487-552f965ca972,"Lastly, is there anything you felt you could not express in this conversation that you want to make sure the people working on this know?",82ad346c-230f-440f-9959-301c824cfa5c,728108ca,20250523_160029,0.8583333333333334,4.433333333333334,0.0,none,[],0.1111111111111111,0.0,0.0,0.0,0.0,0.0,0.6770051000022929,75,0.08522727272727272,0.45099143394031116,High,3
governance and regulation of AI,0.6735851746924852,"2. AI companies need more regulation and restrictions so that they are in the interests of the majority of humanity, rather than just the monetary gains of a few vested interests.",eb87f6c5-a2de-49f2-a1a5-5efd42cd19bf,Would you prefer Scenario 1 or 2? Please explain what makes one of these scenarios better to you than the other.,4d17792a-55e4-4799-9d20-73490317eadc,728108ca,20250523_160029,0.6741666666666666,3.6966666666666663,0.0,none,[],0.0,0.0,0.0,0.0,0.0,0.0,0.6735851746924852,179,0.2034090909090909,0.42460831230123647,High,3
governance and regulation of AI,0.6715992217648696,I hope AI will be well regulated and restricted,ded5e02c-b488-4fee-9487-552f965ca972,"Lastly, is there anything you felt you could not express in this conversation that you want to make sure the people working on this know?",22f8ac4a-51ac-4d3d-9f55-a92c74081b05,728108ca,20250523_160029,0.6483333333333333,3.5933333333333333,0.0,none,[],0.0,0.0,0.0,0.0,0.0,0.0,0.6715992217648696,47,0.053409090909090906,0.4036472644635236,High,3
governance and regulation of AI,0.6686149771239627,"I believe,  the involvement of AI should be regulated time to time based on the public feedback ",ded5e02c-b488-4fee-9487-552f965ca972,"Lastly, is there anything you felt you could not express in this conversation that you want to make sure the people working on this know?",7efb50bd-8ca5-4bac-ac35-f778faeb7be9,728108ca,20250523_160029,0.8954166666666667,4.581666666666667,0.0,none,[],0.0,0.0,0.0,0.0,0.0,0.0,0.6686149771239627,96,0.10909090909090909,0.4574384150920094,High,3
governance and regulation of AI,0.6678605234969226,"Scenario 2. For a major AI company, regulation and oversight are absolutely necessary.",eb87f6c5-a2de-49f2-a1a5-5efd42cd19bf,Would you prefer Scenario 1 or 2? Please explain what makes one of these scenarios better to you than the other.,623460f2-62c5-4ff6-bd55-8ee7c817a709,728108ca,20250523_160029,0.6749999999999999,3.7,0.0,none,[],0.0,0.0,0.0,0.0,0.0,0.0,0.6678605234969226,86,0.09772727272727273,0.4119169366714963,High,3
governance and regulation of AI,0.6662911137268481,AI should not be given the autonomy to make decisions in all fields and domains. AI decision may conflict with human interest ,fc1af587-5ded-4cbb-920a-52bea75ac0d8,Please explain whether you agree or disagree and why.,94cd4552-53d5-409d-ba3c-d19e0ea52a83,728108ca,20250523_160029,0.8316666666666666,4.326666666666666,0.0,none,[],0.0,0.1111111111111111,0.0,0.0,0.0,0.0,0.6662911137268481,126,0.1431818181818182,0.44716796064225445,High,3
governance and regulation of AI,0.6645554678628472,"To facilitate supervision by national institutions? This involves the ethics of artificial intelligence, right?",52e883fc-9719-40e2-bc12-ae84c4ac5b27,Please explain whether you agree or disagree and why.,5e6bdfcc-2ab8-44f6-868a-4793e2dcd2dc,728108ca,20250523_160029,0.5137499999999999,3.0549999999999997,0.0,none,[],0.0,0.0,0.0,0.0,0.0,0.125,0.6645554678628472,111,0.12613636363636363,0.3811858235087753,Moderate,3
governance and regulation of AI,0.6590632132644239,AI has done a lot of good but it must be regulated to ensure that we maintain human connections and not rely too much on AI,ded5e02c-b488-4fee-9487-552f965ca972,"Lastly, is there anything you felt you could not express in this conversation that you want to make sure the people working on this know?",d0b7c1fa-3422-458a-96e8-212d566abc04,728108ca,20250523_160029,0.7808333333333333,4.123333333333333,0.0,none,[],0.0,0.0,0.125,0.0,0.0,0.0,0.6590632132644239,123,0.13977272727272727,0.43376922469970897,High,3
governance and regulation of AI,0.6544179948015649,"The rapid integration of AI into global systems challenges traditional legal frameworks, especially regarding state sovereignty and regulatory",b20bea98-c3c3-4382-8842-b8ceab0f1d9d,Would you prefer Scenario 1 or 2? Please explain what makes one of these scenarios better to you than the other.,72f0f018-5104-46d8-8ad3-1ce192e2c769,728108ca,20250523_160029,0.6070833333333334,3.4283333333333337,0.0,none,[],0.1111111111111111,0.0,0.0,0.0,0.125,0.0,0.6544179948015649,142,0.16136363636363638,0.39932022822365626,Moderate,3
governance and regulation of AI,0.6531124761529573,"Wherever AI is involved, there must be transparency",0443cd28-8742-43fa-8c89-3ede8d10b365,Please explain whether you agree or disagree and why.,2861e192-18d7-49a9-a931-07b604598c55,728108ca,20250523_160029,0.6883333333333334,3.7533333333333334,0.0,none,[],0.0,0.0,0.0,0.0,0.0,0.0,0.6531124761529573,51,0.05795454545454545,0.40470711167330414,High,3
governance and regulation of AI,0.652176251994413,"The conversation focused primarily on AI ethics, transparency, and user control. But an important aspect was how to balance the long-term societal impact of AI—where innovation and efficiency are promoted, but human values, freedom, and decision-making ability are not compromised.",ded5e02c-b488-4fee-9487-552f965ca972,"Lastly, is there anything you felt you could not express in this conversation that you want to make sure the people working on this know?",38bdc929-c0f7-4f8a-9987-5ea482869ff7,728108ca,20250523_160029,0.87,4.48,0.0,none,[],0.0,0.2222222222222222,0.0,0.0,0.125,0.0,0.652176251994413,281,0.31931818181818183,0.4668023189795834,High,3
governance and regulation of AI,0.652075372973733,"I prefer scenario 1 because I believe continuous oversight is essential when it comes to the development and use of artificial intelligence.
While I understand that companies need a certain degree of freedom to innovate, AI has such a profound impact on society that we cannot leave it without clear regulation.
Guidance and oversight from governments and impartial experts is necessary to ensure that consumers' interests are protected and that",eb87f6c5-a2de-49f2-a1a5-5efd42cd19bf,Would you prefer Scenario 1 or 2? Please explain what makes one of these scenarios better to you than the other.,f4e73031-23d1-42d8-bc06-f1957240359c,728108ca,20250523_160029,0.8433333333333334,4.373333333333333,0.0,none,[],0.0,0.1111111111111111,0.0,0.0,0.0,0.125,0.652075372973733,445,0.5056818181818182,0.48006499767434174,High,3
governance and regulation of AI,0.6502787547277196,because AI should be transparent for ethical consideration,0443cd28-8742-43fa-8c89-3ede8d10b365,Please explain whether you agree or disagree and why.,87ec341a-e0cd-4c54-b7af-f09b5b7e9b61,728108ca,20250523_160029,0.7816666666666667,4.126666666666667,0.0,none,[],0.0,0.0,0.0,0.0,0.0,0.0,0.6502787547277196,58,0.0659090909090909,0.4230357443153303,High,3
governance and regulation of AI,0.6479895357568888,"AI should be regulated in every country for its own safety.

",ded5e02c-b488-4fee-9487-552f965ca972,"Lastly, is there anything you felt you could not express in this conversation that you want to make sure the people working on this know?",5ce4f054-6988-4c53-998b-f61e03791ee4,728108ca,20250523_160029,0.735,3.94,0.0,none,[],0.0,0.0,0.0,0.1111111111111111,0.0,0.0,0.6479895357568888,61,0.06931818181818182,0.41312763248457374,High,3
governance and regulation of AI,0.6451520101368124,Case 2. AI models should not be managed only by the board of directors. This is the company’s business model. AI should also take on social responsibilities.,eb87f6c5-a2de-49f2-a1a5-5efd42cd19bf,Would you prefer Scenario 1 or 2? Please explain what makes one of these scenarios better to you than the other.,03024659-ad64-4206-b347-cd2535bbd70c,728108ca,20250523_160029,0.5795833333333333,3.318333333333334,0.0,none,[],0.0,0.0,0.125,0.0,0.0,0.0,0.6451520101368124,157,0.1784090909090909,0.3918183798123007,Moderate,3
governance and regulation of AI,0.6450092995118228,"scenario 2: its focus on inclusivity, ethics, and public trust has the potential to create a more sustainable and responsible future for AI.",eb87f6c5-a2de-49f2-a1a5-5efd42cd19bf,Would you prefer Scenario 1 or 2? Please explain what makes one of these scenarios better to you than the other.,42478af1-3e9e-4bab-add7-abe37b025523,728108ca,20250523_160029,0.7983333333333333,4.193333333333333,0.0,none,[],0.0,0.0,0.0,0.0,0.0,0.0,0.6450092995118228,140,0.1590909090909091,0.43357947738048674,High,3
governance and regulation of AI,0.6443650449414927,Scenario 2. Giving limited authority to AI and working closely under human oversight is good,ab69fbbb-d63c-4820-9ed1-8192b1ffd7e9,Would you prefer Scenario 1 or 2? Please explain what makes one of these scenarios better to you than the other.,a9d8feaf-c609-46d0-8c78-651c84b9ed83,728108ca,20250523_160029,0.6916666666666665,3.766666666666666,0.0,none,[],0.1111111111111111,0.0,0.0,0.0,0.0,0.0,0.6443650449414927,92,0.10454545454545454,0.4065338967644758,High,3
governance and regulation of AI,0.6399481360701805,"Scenario 2, I think AI should have a lot of human oversight if ethical or political decisions are to be made",ab69fbbb-d63c-4820-9ed1-8192b1ffd7e9,Would you prefer Scenario 1 or 2? Please explain what makes one of these scenarios better to you than the other.,8dd16239-5185-406f-8e97-2ad52100e1e1,728108ca,20250523_160029,0.7525000000000001,4.01,0.0,none,[],0.0,0.0,0.0,0.0,0.0,0.0,0.6399481360701805,108,0.12272727272727273,0.4187519817007995,High,3
governance and regulation of AI,0.6396617103495458,"As we move forward with AI, there should be regulations in place that notify users when AI is being used. Otherwise, the scam will come fast and quick of people using AI to fool each other in all aspects of life. ",0443cd28-8742-43fa-8c89-3ede8d10b365,Please explain whether you agree or disagree and why.,2d45fe1e-b751-44ce-be41-9cef434ed76c,728108ca,20250523_160029,0.79125,4.165,0.0,none,[],0.0,0.0,0.0,0.0,0.0,0.0,0.6396617103495458,213,0.24204545454545454,0.4383192295943638,High,3
governance and regulation of AI,0.639384947278379,transparency and informed consent are essential when AI is involved in social applications,0443cd28-8742-43fa-8c89-3ede8d10b365,Please explain whether you agree or disagree and why.,f8825e41-fa22-481b-987c-f3400575e969,728108ca,20250523_160029,0.6233333333333333,3.493333333333333,0.0,none,[],0.0,0.0,0.125,0.0,0.0,0.0,0.639384947278379,90,0.10227272727272728,0.390647918305291,Moderate,3
governance and regulation of AI,0.6355603033690826,Should understand the extent to which AI is involved,52e883fc-9719-40e2-bc12-ae84c4ac5b27,Please explain whether you agree or disagree and why.,331a8a62-3be7-4047-8014-938426c66136,728108ca,20250523_160029,0.7279166666666668,3.911666666666667,0.0,none,[],0.0,0.0,0.0,0.0,0.0,0.0,0.6355603033690826,52,0.05909090909090909,0.4057165455900574,High,3
governance and regulation of AI,0.6351601128389284,"Scenario 2,human oversight is important in as much as Ai is doing everything ",ab69fbbb-d63c-4820-9ed1-8192b1ffd7e9,Would you prefer Scenario 1 or 2? Please explain what makes one of these scenarios better to you than the other.,5279403c-5e7d-4213-9182-3786309bfa2b,728108ca,20250523_160029,0.8079166666666667,4.231666666666667,0.0,none,[],0.0,0.0,0.0,0.0,0.0,0.0,0.6351601128389284,77,0.0875,0.4243973784689047,High,3
governance and regulation of AI,0.6347455707605827,"Scenario 2. This should give a public oversight on the company, and reasonable deterrent of making AI serve only authorities ",eb87f6c5-a2de-49f2-a1a5-5efd42cd19bf,Would you prefer Scenario 1 or 2? Please explain what makes one of these scenarios better to you than the other.,c9ceb986-915e-4e26-80c8-6bb3c509326e,728108ca,20250523_160029,0.8195833333333333,4.278333333333333,0.0,none,[],0.0,0.0,0.0,0.0,0.0,0.0,0.6347455707605827,125,0.14204545454545456,0.4320194404254452,High,3
governance and regulation of AI,0.6346867510056209,No. AI should be regulated to prevent manipulation. ,a170b4e5-508e-471a-b0eb-38f882c87671,Would you want this future or not? Please explain why.,b32dcbea-1cbe-41c6-aa86-efa62cc53bcd,728108ca,20250523_160029,0.6845833333333333,3.7383333333333337,0.0,none,[],0.0,0.1111111111111111,0.0,0.0,0.0,0.0,0.6346867510056209,52,0.05909090909090909,0.39670045797800596,Moderate,3
governance and regulation of AI,0.6344002843568495," Scenario 2 because human oversight ensures ethical alignment, prevents unintended harm, and maintains societal trust while balancing AI’s capabilities with human values.",ab69fbbb-d63c-4820-9ed1-8192b1ffd7e9,Would you prefer Scenario 1 or 2? Please explain what makes one of these scenarios better to you than the other.,85508207-b14a-4ba9-b83d-804d41bb121e,728108ca,20250523_160029,0.5841666666666667,3.336666666666667,0.0,none,[],0.0,0.0,0.0,0.1111111111111111,0.125,0.0,0.6344002843568495,170,0.19318181818181818,0.389911628894255,Moderate,3
governance and regulation of AI,0.6342409162601939,"None, i still feel human should supervise AI activities.",ded5e02c-b488-4fee-9487-552f965ca972,"Lastly, is there anything you felt you could not express in this conversation that you want to make sure the people working on this know?",857a7111-bc55-4c15-84db-d24ae3265d28,728108ca,20250523_160029,0.8183333333333334,4.273333333333333,0.0,none,[],0.0,0.0,0.0,0.0,0.0,0.0,0.6342409162601939,56,0.06363636363636363,0.4237266695343806,High,3
governance and regulation of AI,0.6319146341531643,The development of AI cannot be separated from human supervision,ab69fbbb-d63c-4820-9ed1-8192b1ffd7e9,Would you prefer Scenario 1 or 2? Please explain what makes one of these scenarios better to you than the other.,aaaa6389-15db-4d2e-827a-50e274c80940,728108ca,20250523_160029,0.6775,3.71,0.0,none,[],0.0,0.0,0.0,0.0,0.0,0.0,0.6319146341531643,64,0.07272727272727272,0.395538580933993,Moderate,3
governance and regulation of AI,0.6294939892597319,"The concern that AI can threaten human dignity has been widely discussed regarding many applications, such as lethal autonomous weapons, sex robots, care robots, or automated decision-making systems",ded5e02c-b488-4fee-9487-552f965ca972,"Lastly, is there anything you felt you could not express in this conversation that you want to make sure the people working on this know?",72f0f018-5104-46d8-8ad3-1ce192e2c769,728108ca,20250523_160029,0.6070833333333334,3.4283333333333337,0.2,mild,['concern'],0.0,0.0,0.0,0.2222222222222222,0.0,0.0,0.6294939892597319,198,0.225,0.45571426237055945,High,3
governance and regulation of AI,0.6293018782448777,"AI should prioritize transparency, privacy, and infringing on personal rights. Responsible development is key to avoiding unintended consequences. human oversight to ensure it benefits society without ",ded5e02c-b488-4fee-9487-552f965ca972,"Lastly, is there anything you felt you could not express in this conversation that you want to make sure the people working on this know?",8c8fcd2b-2dac-407b-b992-ed787742802b,728108ca,20250523_160029,0.8283333333333334,4.3133333333333335,0.0,none,[],0.0,0.1111111111111111,0.0,0.0,0.0,0.0,0.6293018782448777,201,0.22840909090909092,0.44022832705552684,High,3
governance and regulation of AI,0.6275711668731692,"When AI is involved in decision-making, the parties involved must be informed",0443cd28-8742-43fa-8c89-3ede8d10b365,Please explain whether you agree or disagree and why.,8fd2992b-320a-472d-8dbb-d63d259f3d83,728108ca,20250523_160029,0.7175,3.87,0.0,none,[],0.0,0.0,0.0,0.0,0.0,0.0,0.6275711668731692,77,0.0875,0.40327846674926765,High,3
governance and regulation of AI,0.6273411143146885,"The second scenario reinforces stricter human oversight of AI by involving them in complex decisions. This may limit efficiency and slow down the implementation of goals, but it also ensures that decisions are more aligned with human values, thus limiting the risks that may arise from non-human decisions.",ab69fbbb-d63c-4820-9ed1-8192b1ffd7e9,Would you prefer Scenario 1 or 2? Please explain what makes one of these scenarios better to you than the other.,748ce664-fa73-4df5-99f3-12cafa2cdc98,728108ca,20250523_160029,0.7812500000000001,4.125,0.0,none,[],0.0,0.0,0.0,0.1111111111111111,0.125,0.0,0.6273411143146885,306,0.3477272727272727,0.44195917299860277,High,3
governance and regulation of AI,0.6264177474678372,"Scenario 2 , we need humans and cannot fully rely on AI for everything. Humans need to oversee what is happening with AI to ensure its being used correctly and fairly ",ab69fbbb-d63c-4820-9ed1-8192b1ffd7e9,Would you prefer Scenario 1 or 2? Please explain what makes one of these scenarios better to you than the other.,6b7e4a09-6bbe-48ce-82e3-6e82f6a6faf5,728108ca,20250523_160029,0.6825,3.73,0.0,none,[],0.0,0.0,0.0,0.0,0.0,0.0,0.6264177474678372,167,0.18977272727272726,0.4060443717144076,High,3
governance and regulation of AI,0.6256496245423118,"Scenario 2, as human oversight enables ethical control and prevents AI from being unilaterally optimized only for measurable goals.",ab69fbbb-d63c-4820-9ed1-8192b1ffd7e9,Would you prefer Scenario 1 or 2? Please explain what makes one of these scenarios better to you than the other.,3fa8a1ae-5fb9-4667-83ea-867a1f4fa5d3,728108ca,20250523_160029,0.5004166666666667,3.001666666666667,0.0,none,[],0.0,0.1111111111111111,0.0,0.0,0.0,0.0,0.6256496245423118,131,0.14886363636363636,0.36522954678662173,Moderate,3
governance and regulation of AI,0.6255121982057197,The use of AI to make critical decisions should be disclosed,52e883fc-9719-40e2-bc12-ae84c4ac5b27,Please explain whether you agree or disagree and why.,b2054100-ab3d-45ca-b21c-46a71c78066c,728108ca,20250523_160029,0.6595833333333334,3.6383333333333336,0.0,none,[],0.0,0.0,0.0,0.0,0.0,0.0,0.6255121982057197,60,0.06818181818181818,0.3889397277671364,Moderate,3
governance and regulation of AI,0.6224497834232957,"Ethical Responsibility, Trust and Accountability, User Empowerment, Preventing Manipulation & Encourages Ethical AI Development.  ",0443cd28-8742-43fa-8c89-3ede8d10b365,Please explain whether you agree or disagree and why.,676f6ea8-353c-464d-b562-f733a0d7dd52,728108ca,20250523_160029,0.78625,4.145,0.0,none,[],0.0,0.1111111111111111,0.0,0.0,0.0,0.0,0.6224497834232957,130,0.14772727272727273,0.42100264064204557,High,3
governance and regulation of AI,0.6202140618443533,people have the right to be told the involvement of AI systems in any decisions they are to make.,0443cd28-8742-43fa-8c89-3ede8d10b365,Please explain whether you agree or disagree and why.,a5db5a2a-dade-4647-8d99-0abe87246c42,728108ca,20250523_160029,0.7829166666666667,4.131666666666667,0.0,none,[],0.0,0.0,0.0,0.0,0.0,0.0,0.6202140618443533,97,0.11022727272727273,0.415691685343802,High,3
governance and regulation of AI,0.6199541929637223,"The second one of course, human supervision and intervention is crucial when thinking about AI technology",ab69fbbb-d63c-4820-9ed1-8192b1ffd7e9,Would you prefer Scenario 1 or 2? Please explain what makes one of these scenarios better to you than the other.,f68cfd0e-0bfb-4787-b1fb-948a25687d03,728108ca,20250523_160029,0.6579166666666666,3.6316666666666664,0.0,none,[],0.0,0.0,0.0,0.0,0.0,0.125,0.6199541929637223,105,0.11931818181818182,0.3914968287006405,Moderate,3
governance and regulation of AI,0.6199527673592717,The implementation of AI in almost every area of daily life is a given. There's no turning back; all that remains is to regulate it before it creates an uncontrollable imbalance in our society.,ded5e02c-b488-4fee-9487-552f965ca972,"Lastly, is there anything you felt you could not express in this conversation that you want to make sure the people working on this know?",6813e6ec-d572-4ed7-85c6-72aac2c94e69,728108ca,20250523_160029,0.8629166666666666,4.451666666666666,0.0,none,[],0.0,0.1111111111111111,0.0,0.0,0.0,0.0,0.6199527673592717,193,0.21931818181818183,0.44249625845886015,High,3
governance and regulation of AI,0.6195612242521075,People should be made aware of the involvement of AI,0443cd28-8742-43fa-8c89-3ede8d10b365,Please explain whether you agree or disagree and why.,709567ba-c638-4ad8-bd14-e4c19cddbc42,728108ca,20250523_160029,0.6633333333333334,3.6533333333333338,0.0,none,[],0.0,0.0,0.0,0.0,0.0,0.0,0.6195612242521075,52,0.05909090909090909,0.3864002472766006,Moderate,3
governance and regulation of AI,0.6193500665704157,"While AI systems are here with us to improve our lives, it's equally important for the society itself to put legislations that govern use of this technology.  Combined with social media, these are very powerful technological tools that can easily make or break the society. ",ded5e02c-b488-4fee-9487-552f965ca972,"Lastly, is there anything you felt you could not express in this conversation that you want to make sure the people working on this know?",51148323-e642-40a5-bed1-a0984936e223,728108ca,20250523_160029,0.7425,3.97,0.0,none,[],0.0,0.0,0.125,0.0,0.0,0.0,0.6193500665704157,274,0.31136363636363634,0.42737639026452995,High,3
governance and regulation of AI,0.619212876952679,2. AI simply needs human oversight if it's going to exist in a human society.,ab69fbbb-d63c-4820-9ed1-8192b1ffd7e9,Would you prefer Scenario 1 or 2? Please explain what makes one of these scenarios better to you than the other.,7ea8ed2c-a2cd-4a6e-8362-573ed26ef77e,728108ca,20250523_160029,0.8029166666666667,4.211666666666667,0.0,none,[],0.0,0.0,0.0,0.0,0.0,0.0,0.619212876952679,77,0.0875,0.41701848411440495,High,3
governance and regulation of AI,0.619043878604174,AI is the future but it should be controlled without any bias.,ded5e02c-b488-4fee-9487-552f965ca972,"Lastly, is there anything you felt you could not express in this conversation that you want to make sure the people working on this know?",b3ef0dac-9d1c-48cd-bbed-36d50c22170d,728108ca,20250523_160029,0.7454166666666666,3.9816666666666665,0.0,none,[],0.0,0.1111111111111111,0.0,0.0,0.0,0.0,0.619043878604174,62,0.07045454545454545,0.40374633932045745,High,3
governance and regulation of AI,0.6189886784882217,"I prefer scenario 2, although it may bring challenges. AI has a huge impact, involving not only technical issues, but also social ethics, fairness and global impact. If only experts, boards and companies themselves make decisions, the needs of ordinary people may be ignored, and even the existing power structure may be strengthened. Including different perspectives, including the opinions of non-professionals, can ensure that AI development is in the broader social interest, rather than just serving companies or elite groups. 

But AI is not a neutral tool, it affects everyone. Therefore, involving people from different backgrounds in decision-making, although complex, can make AI fairer and more inclusive. 
For AI, we hope that it can become a tool for ordinary people to further have a voice rather than a tool for those in power to further consolidate their position.",eb87f6c5-a2de-49f2-a1a5-5efd42cd19bf,Would you prefer Scenario 1 or 2? Please explain what makes one of these scenarios better to you than the other.,4d039d65-6241-4c30-91d4-aae39f5baa08,728108ca,20250523_160029,0.7633333333333333,4.053333333333333,0.0,none,[],0.0,0.0,0.125,0.0,0.0,0.0,0.6189886784882217,880,1.0,0.5002621380619554,High,3
governance and regulation of AI,0.6186850609576117,"It is reasonable to assume that these residents would support Scenario 1 (an AI development model with continuous government oversight) due to their high trust in the government and state-owned enterprises. They believe that active state involvement ensures ethical and safe AI development, aligned with the common good, and that such oversight provides peace of mind and accountability in the event of problems. On the other hand, they perceive that corporate self-regulation (Scenario 2) could jeopardize",c3a096ad-6ca5-4365-97f8-c6e36071bc58,Think about your neighbor - do you think your neighbor would prefer Scenario 1 or 2 future and why?,f4e73031-23d1-42d8-bc06-f1957240359c,728108ca,20250523_160029,0.8433333333333334,4.373333333333333,0.0,none,[],0.0,0.0,0.0,0.0,0.0,0.0,0.6186850609576117,506,0.575,0.47364069104971135,High,3
governance and regulation of AI,0.6181477017941434,I think any interaction with AI should be known and publicized to maximize awareness and supervision over AI,0443cd28-8742-43fa-8c89-3ede8d10b365,Please explain whether you agree or disagree and why.,f68cfd0e-0bfb-4787-b1fb-948a25687d03,728108ca,20250523_160029,0.6579166666666666,3.6316666666666664,0.0,none,[],0.0,0.0,0.125,0.0,0.0,0.0,0.6181477017941434,108,0.12272727272727273,0.39111514132371794,Moderate,3
governance and regulation of AI,0.6175568136154383,AI should not make substantive decisions for humans,fc1af587-5ded-4cbb-920a-52bea75ac0d8,Please explain whether you agree or disagree and why.,03024659-ad64-4206-b347-cd2535bbd70c,728108ca,20250523_160029,0.5795833333333333,3.318333333333334,0.0,none,[],0.0,0.0,0.0,0.0,0.0,0.0,0.6175568136154383,51,0.05795454545454545,0.36873484665829653,Moderate,3
governance and regulation of AI,0.6168889043276711,"Yes, it is important that AI development maintains a balance between transparency, user control and ethical boundaries. AI should be designed to complement human decisions, not replace them entirely. Also, it is necessary to deeply consider the social, economic and cultural impacts of AI so that it develops in an inclusive and responsible manner.",ded5e02c-b488-4fee-9487-552f965ca972,"Lastly, is there anything you felt you could not express in this conversation that you want to make sure the people working on this know?",ef9942b1-f878-42b0-8b3e-82baffff5a90,728108ca,20250523_160029,0.7433333333333333,3.973333333333333,0.0,none,[],0.1111111111111111,0.1111111111111111,0.125,0.0,0.0,0.0,0.6168889043276711,348,0.39545454545454545,0.43496768294318966,High,3
governance and regulation of AI,0.6156195951713652,"Human oversight helps to mitigate the risks associated with AI, such as bias, discrimination, and operational errors. AI systems process vast amounts of data and make decisions based on predefined algorithms. While AI algorithms can be highly efficient, they cannot assess and prioritize ethical considerations",ab69fbbb-d63c-4820-9ed1-8192b1ffd7e9,Would you prefer Scenario 1 or 2? Please explain what makes one of these scenarios better to you than the other.,72f0f018-5104-46d8-8ad3-1ce192e2c769,728108ca,20250523_160029,0.6070833333333334,3.4283333333333337,0.0,none,[],0.0,0.0,0.0,0.1111111111111111,0.0,0.0,0.6156195951713652,310,0.3522727272727273,0.4028917774624855,High,3
governance and regulation of AI,0.6151987470201927,"2 because it ensures human oversight, preventing AI from making decisions that go against human values.",ab69fbbb-d63c-4820-9ed1-8192b1ffd7e9,Would you prefer Scenario 1 or 2? Please explain what makes one of these scenarios better to you than the other.,0f8e122d-48de-4b83-ad20-3e81350fda47,728108ca,20250523_160029,0.8783333333333334,4.513333333333334,0.0,none,[],0.0,0.0,0.0,0.0,0.125,0.0,0.6151987470201927,103,0.11704545454545455,0.4334507109292893,High,3
governance and regulation of AI,0.6145305046613116,"I want the people working on this to know that AI should always prioritize human values, transparency, and user control. While AI can enhance efficiency and decision-making, it should never replace human oversight in critical areas like finance, ethics, or emotional interactions. Trust in AI depends on openness, fairness, and ensuring it serves people’s best interests rather than corporate or governmental agendas. AI should be a tool for empowerment, not control.",ded5e02c-b488-4fee-9487-552f965ca972,"Lastly, is there anything you felt you could not express in this conversation that you want to make sure the people working on this know?",e451ff6d-9b78-4778-8dc3-362d98ff6570,728108ca,20250523_160029,0.9233333333333332,4.693333333333333,0.0,none,[],0.1111111111111111,0.1111111111111111,0.125,0.0,0.125,0.0,0.6145305046613116,467,0.5306818181818181,0.4835470503493732,High,3
governance and regulation of AI,0.6138878374702224,"Probably 2, because most people think AI needs to be strongly regulated",cfa2af3e-2719-4b06-ac30-80acdf9a6840,Think about your neighbor - do you think your neighbor would prefer Scenario 1 or 2 future and why?,5781bcc7-b7da-469f-bd1e-8e7fe3086c54,728108ca,20250523_160029,0.7783333333333333,4.113333333333333,0.0,none,[],0.0,0.0,0.0,0.0,0.0,0.0,0.6138878374702224,71,0.08068181818181819,0.40928998347293744,High,3
governance and regulation of AI,0.6135572434506815,"AI shouldn't have absolute autonomy. For very important issues that affect humans, we should have a say.",ab69fbbb-d63c-4820-9ed1-8192b1ffd7e9,Would you prefer Scenario 1 or 2? Please explain what makes one of these scenarios better to you than the other.,977a715e-d6e9-4d26-b74d-3e37e661acc2,728108ca,20250523_160029,0.75,4.0,0.0,none,[],0.0,0.1111111111111111,0.0,0.0,0.0,0.0,0.6135572434506815,104,0.11818181818181818,0.4072410791984545,High,3
governance and regulation of AI,0.6132049814652238,I prefer scenario 2. Certain regulations of AI is needed.,63a99154-3b0e-4375-aaa1-6665f699f6d6,Would you prefer Scenario 1 or 2? Please explain what makes one of these scenarios better to you than the other.,64199dc4-54e7-45ff-9d9b-6e85792d5f24,728108ca,20250523_160029,0.7591666666666667,4.036666666666667,0.0,none,[],0.0,0.0,0.0,0.0,0.0,0.0,0.6132049814652238,57,0.06477272727272727,0.4035925986466956,High,3
governance and regulation of AI,0.6101602990983876,"Because AI can predict and analyze much better than humans, plus everyone has the right to choose when it comes to delegating authority to AI.",fc1af587-5ded-4cbb-920a-52bea75ac0d8,Please explain whether you agree or disagree and why.,1bec32d9-050f-4fcc-8c2f-493f4faab34d,728108ca,20250523_160029,0.8433333333333334,4.373333333333333,0.0,none,[],0.0,0.0,0.0,0.0,0.0,0.0,0.6101602990983876,142,0.16136363636363638,0.4288671499423854,High,3
governance and regulation of AI,0.6096461080533639,Using AI,91fcb570-ec08-458e-af99-d9df0650384a,"What has been the most noticeable change in your daily life, if any, as a result of AI in the past year?",927b9c4b-2da5-41b6-8465-5c1ef0fa83ea,728108ca,20250523_160029,0.4579166666666667,2.831666666666667,0.0,none,[],0.0,0.0,0.0,0.0,0.0,0.0,0.6096461080533639,8,0.00909090909090909,0.33635086746376985,Moderate,3
governance and regulation of AI,0.6090920121098833,"hey might prioritize inclusivity and diversity in decision-making, valuing a broader range of perspectives to ensure AI development considers ethical, social, and political impacts. They may believe that involving the public, even those without technical expertise, leads to more responsible, transparent, and equitable outcomes, preventing potential biases from dominating the process. This choice reflects a desire for greater accountability and fairness in the development of AI, even if it means
",c3a096ad-6ca5-4365-97f8-c6e36071bc58,Think about your neighbor - do you think your neighbor would prefer Scenario 1 or 2 future and why?,6ecf22d9-da09-46a8-81e7-d08cf972551f,728108ca,20250523_160029,0.7899999999999999,4.16,0.0,none,[],0.0,0.0,0.125,0.0,0.0,0.0,0.6090920121098833,500,0.5681818181818182,0.4584549866621352,High,3
governance and regulation of AI,0.6090052046140135,"Scenario 2 ensures that AI aligns with human values, even if it slows progress. Frequent human oversight prevents unintended consequences and keeps decision-making accountable. Prioritizing ethical considerations over pure efficiency helps maintain trust and ensures AI benefits society in a balanced way.

",ab69fbbb-d63c-4820-9ed1-8192b1ffd7e9,Would you prefer Scenario 1 or 2? Please explain what makes one of these scenarios better to you than the other.,a53f07db-330e-4369-b88c-e7ba65df386d,728108ca,20250523_160029,0.6283333333333333,3.513333333333333,0.0,none,[],0.0,0.0,0.0,0.0,0.125,0.0,0.6090052046140135,307,0.3488636363636364,0.40415511214863575,High,3
governance and regulation of AI,0.6077877447317661,"I have mixed feelings, on the one hand it has a positive impact, but on the other hand it is unclear to what extent the use of AI is regulated in terms of a person's right to make independent decisions",0db7bbdf-847c-4e1b-a89b-22a8d8e6a02b,Would you want this future or not? Please explain why.,6991f06b-b363-41b7-86a4-4dbf333f9b66,728108ca,20250523_160029,0.7195833333333334,3.8783333333333334,0.0,none,[],0.0,0.0,0.0,0.0,0.0,0.0,0.6077877447317661,201,0.22840909090909092,0.40987267365028224,High,3
governance and regulation of AI,0.6061737025959415,The AI regulations should also consider child safety.,ded5e02c-b488-4fee-9487-552f965ca972,"Lastly, is there anything you felt you could not express in this conversation that you want to make sure the people working on this know?",859b8475-c4e4-4d46-a14b-20499199fc4b,728108ca,20250523_160029,0.88,4.52,0.0,none,[],0.0,0.0,0.0,0.1111111111111111,0.0,0.0,0.6061737025959415,53,0.060227272727272727,0.42449220831110396,High,3
governance and regulation of AI,0.6054277116667719,People should have the right to know when AI is used,0443cd28-8742-43fa-8c89-3ede8d10b365,Please explain whether you agree or disagree and why.,2cf9dcd6-b8ab-4d61-943d-75f4048bd581,728108ca,20250523_160029,0.6725,3.69,0.0,none,[],0.0,0.0,0.0,0.0,0.0,0.0,0.6054277116667719,52,0.05909090909090909,0.3825801755757997,Moderate,3
governance and regulation of AI,0.6037503463685097,2. Some human supervision is needed in the early stages of AI,ab69fbbb-d63c-4820-9ed1-8192b1ffd7e9,Would you prefer Scenario 1 or 2? Please explain what makes one of these scenarios better to you than the other.,b77cb754-8b0e-43ee-936e-ad8a41d61909,728108ca,20250523_160029,0.5695833333333333,3.2783333333333333,0.0,none,[],0.0,0.0,0.0,0.0,0.0,0.0,0.6037503463685097,61,0.06931818181818182,0.36234862339588875,Moderate,3
governance and regulation of AI,0.6036736447712805,"We should use and develop AI for the sake of humanity, especially in fields like scientific discoveries and the health sector. AI can make our lives better. We just need to regulate it to maximize the benefits and minimize the risks. It's a matter of balance.",ded5e02c-b488-4fee-9487-552f965ca972,"Lastly, is there anything you felt you could not express in this conversation that you want to make sure the people working on this know?",0d5d5765-187e-4512-9626-fff9fd33dd45,728108ca,20250523_160029,0.8412499999999999,4.365,0.0,none,[],0.0,0.0,0.0,0.1111111111111111,0.0,0.0,0.6036736447712805,259,0.2943181818181818,0.4391512760903304,High,3
governance and regulation of AI,0.6034080944505178,"AI can assist people's lives, as long as there are laws to constrain them, especially the companies that set them up, I can fully trust AI to better help my life.",b665aaae-d02c-44f9-be26-70544d7beabe,Please explain whether you agree or disagree and why.,23adf290-b773-41d9-942e-b21c2da0e1d6,728108ca,20250523_160029,0.79,4.16,0.0,none,[],0.0,0.0,0.0,0.0,0.0,0.0,0.6034080944505178,162,0.18409090909090908,0.4177723286892981,High,3
governance and regulation of AI,0.602060502340848,Because AI’s decision-making power is given by humans,b665aaae-d02c-44f9-be26-70544d7beabe,Please explain whether you agree or disagree and why.,b521f72f-2e93-4ca4-b6cc-d04541bc1121,728108ca,20250523_160029,0.5891666666666666,3.3566666666666665,0.0,none,[],0.0,0.0,0.0,0.0,0.0,0.0,0.602060502340848,53,0.060227272727272727,0.3646802615423998,Moderate,3
governance and regulation of AI,0.6019676961301612,"2. All people must be able to interact with an AI that ""looks out"" for their interests, and to achieve this, AI must be decentralized, objective, and impartial. It should not be influenced by traditions, but it must take into account ethical considerations.",b20bea98-c3c3-4382-8842-b8ceab0f1d9d,Would you prefer Scenario 1 or 2? Please explain what makes one of these scenarios better to you than the other.,a26a4c3c-2190-4ed7-bb1e-f8c8ade3646b,728108ca,20250523_160029,0.8579166666666668,4.431666666666667,0.0,none,[],0.0,0.0,0.0,0.0,0.125,0.0,0.6019676961301612,257,0.29204545454545455,0.44157495723994333,High,3
governance and regulation of AI,0.6019042519659565,Agree to protect yourself from AI,0443cd28-8742-43fa-8c89-3ede8d10b365,Please explain whether you agree or disagree and why.,bacd4497-3d26-4bc0-ae99-2e01089b911c,728108ca,20250523_160029,0.5554166666666667,3.2216666666666667,0.0,none,[],0.0,0.0,0.0,0.0,0.0,0.0,0.6019042519659565,33,0.0375,0.35559503411971594,Moderate,3
governance and regulation of AI,0.6018590551103193,Humans should have the right to know whether to use AI,0443cd28-8742-43fa-8c89-3ede8d10b365,Please explain whether you agree or disagree and why.,e6ac83d7-c2bd-4822-b750-098e9dff1dca,728108ca,20250523_160029,0.54375,3.175,0.0,none,[],0.0,0.0,0.0,0.0,0.0,0.0,0.6018590551103193,54,0.06136363636363636,0.3556299856804914,Moderate,3
governance and regulation of AI,0.6016157207468382,People should always be aware of AI involvement,0443cd28-8742-43fa-8c89-3ede8d10b365,Please explain whether you agree or disagree and why.,f2bf4387-629d-4ac2-a8c4-28be4ee5a398,728108ca,20250523_160029,0.7541666666666667,4.016666666666667,0.0,none,[],0.0,0.0,0.0,0.0,0.0,0.0,0.6016157207468382,47,0.053409090909090906,0.39682053072297774,Moderate,3
governance and regulation of AI,0.6016064973635447,"While I agree that AI agents making making financial decisions on behalf of users has a potential for efficiency and reduced human errors, it comes with a number of risks. Therefore careful consideration of risks and regulatory measure are crucial to ensure utmost safety and security. ",fc1af587-5ded-4cbb-920a-52bea75ac0d8,Please explain whether you agree or disagree and why.,62711271-8853-40e2-a967-6848d67d63c1,728108ca,20250523_160029,0.975,4.9,0.0,none,[],0.1111111111111111,0.0,0.0,0.3333333333333333,0.0,0.0,0.6016064973635447,286,0.325,0.4681425989454179,High,3
governance and regulation of AI,0.6010469954269724,"while AI can be a useful tool for financial management, it's crucial to maintain human oversight and control over major financial decisions.  Allowing AI agents to make autonomous financial decisions on a person's behalf presents too many risks and ethical concerns.",fc1af587-5ded-4cbb-920a-52bea75ac0d8,Please explain whether you agree or disagree and why.,efcac8b2-8dd3-4a72-9051-5dce0ddfa98a,728108ca,20250523_160029,0.7075,3.83,0.2,mild,['concern'],0.1111111111111111,0.1111111111111111,0.0,0.1111111111111111,0.0,0.0,0.6010469954269724,266,0.30227272727272725,0.4721460708980617,High,3
governance and regulation of AI,0.6004877643616521,"I think most would agree, but a regulated use of ai would be very useful in our society as long as it is done in moderation",ded5e02c-b488-4fee-9487-552f965ca972,"Lastly, is there anything you felt you could not express in this conversation that you want to make sure the people working on this know?",e845c131-be71-4309-a526-8d7435d5e8ae,728108ca,20250523_160029,0.7733333333333333,4.093333333333334,0.0,none,[],0.0,0.0,0.0,0.0,0.0,0.0,0.6004877643616521,123,0.13977272727272727,0.40883904513860025,High,3
governance and regulation of AI,0.5998414914200492,"It is essential for fostering transparency, trust, and ethical interaction. It promotes informed consent, agency, and the ability to engage critically with the technology. As AI continues to permeate various aspects of life, clear communication about its role is critical for building a responsible and user-centric technological environment.",0443cd28-8742-43fa-8c89-3ede8d10b365,Please explain whether you agree or disagree and why.,f81845f8-498d-451d-b882-5f03ced40795,728108ca,20250523_160029,0.7795833333333333,4.118333333333333,0.0,none,[],0.0,0.0,0.25,0.0,0.0,0.0,0.5998414914200492,342,0.3886363636363636,0.43471689959832277,High,3
governance and regulation of AI,0.5997344100712871,Scenario 2: To reduce the risks of artificial intelligence,63a99154-3b0e-4375-aaa1-6665f699f6d6,Would you prefer Scenario 1 or 2? Please explain what makes one of these scenarios better to you than the other.,47cf6196-495d-42b4-9cfe-2cd591fb7400,728108ca,20250523_160029,0.7462500000000001,3.985,0.0,none,[],0.0,0.0,0.0,0.1111111111111111,0.0,0.125,0.5997344100712871,58,0.0659090909090909,0.395734673119424,Moderate,3
governance and regulation of AI,0.5996896567570402,The decisions made by AI must be made known to users,0443cd28-8742-43fa-8c89-3ede8d10b365,Please explain whether you agree or disagree and why.,0f9b7c36-25c8-423e-9a34-3a6e96cbfe7e,728108ca,20250523_160029,0.7366666666666667,3.946666666666667,0.0,none,[],0.0,0.0,0.0,0.0,0.0,0.0,0.5996896567570402,52,0.05909090909090909,0.39311828694524037,Moderate,3
governance and regulation of AI,0.5992611315618019,There are many special cases and important decision-making messages that should not be fully delegated by AI,b665aaae-d02c-44f9-be26-70544d7beabe,Please explain whether you agree or disagree and why.,b5018d13-835b-4507-a600-12fec06d22c4,728108ca,20250523_160029,0.8054166666666667,4.221666666666667,0.0,none,[],0.0,0.0,0.0,0.0,0.0,0.0,0.5992611315618019,108,0.12272727272727273,0.4130605132307814,High,3
governance and regulation of AI,0.598636252191988,It is important that there is transparency at all times about AI.,52e883fc-9719-40e2-bc12-ae84c4ac5b27,Please explain whether you agree or disagree and why.,983d08bc-82df-43ed-9875-4d9e2bf9e72d,728108ca,20250523_160029,0.6941666666666667,3.776666666666667,0.0,none,[],0.0,0.0,0.0,0.0,0.0,0.0,0.598636252191988,65,0.07386363636363637,0.3856741978464922,Moderate,3
governance and regulation of AI,0.598532070607271,The second because I strongly agree to the supervision of AI by humans in every decision making process,ab69fbbb-d63c-4820-9ed1-8192b1ffd7e9,Would you prefer Scenario 1 or 2? Please explain what makes one of these scenarios better to you than the other.,04af4820-102b-4357-8ba9-c79f6b2f4a33,728108ca,20250523_160029,0.8058333333333333,4.223333333333333,0.0,none,[],0.0,0.0,0.0,0.0,0.0,0.0,0.598532070607271,103,0.11704545454545455,0.4122840403641206,High,3
governance and regulation of AI,0.5972584627434738,Transparency is very important when it comes to AI.,52e883fc-9719-40e2-bc12-ae84c4ac5b27,Please explain whether you agree or disagree and why.,78f5e9b4-0b86-49ba-b139-4c771f1a5ae7,728108ca,20250523_160029,0.7225,3.89,0.0,none,[],0.0,0.0,0.0,0.0,0.0,0.0,0.5972584627434738,51,0.05795454545454545,0.38919883964284413,Moderate,3
governance and regulation of AI,0.5970399554172394,Scenario 2 as they would want the autonomy over AI,cfa2af3e-2719-4b06-ac30-80acdf9a6840,Think about your neighbor - do you think your neighbor would prefer Scenario 1 or 2 future and why?,674bf735-a718-4583-8182-76f10ba6e969,728108ca,20250523_160029,0.7166666666666667,3.8666666666666663,0.0,none,[],0.0,0.1111111111111111,0.0,0.0,0.0,0.0,0.5970399554172394,50,0.056818181818181816,0.3878311336820473,Moderate,3
governance and regulation of AI,0.5968609827689599,People have the right to know whether or not AI is involved because it can affect our thinking and decision.,0443cd28-8742-43fa-8c89-3ede8d10b365,Please explain whether you agree or disagree and why.,b0ddb04a-fcf7-4431-8c27-63ef8fbe8210,728108ca,20250523_160029,0.7,3.8,0.0,none,[],0.0,0.0,0.0,0.0,0.0,0.125,0.5968609827689599,108,0.12272727272727273,0.3910171203803113,Moderate,3
governance and regulation of AI,0.5967532107154725,"I agree, provided that stringent safeguards are in place. While AI is capable of managing financial tasks effectively, users need to maintain control, ensure transparency, and have the option to establish limits to avert risky or undesirable decisions.",fc1af587-5ded-4cbb-920a-52bea75ac0d8,Please explain whether you agree or disagree and why.,11ddef55-ce2f-42b2-9141-c863dfe3b713,728108ca,20250523_160029,0.7454166666666666,3.9816666666666665,0.0,none,[],0.1111111111111111,0.1111111111111111,0.0,0.1111111111111111,0.0,0.0,0.5967532107154725,252,0.2863636363636364,0.41642098125588595,High,3
governance and regulation of AI,0.5953748116968071,AI shouldn't be able to influence decisions that are a risk,fc1af587-5ded-4cbb-920a-52bea75ac0d8,Please explain whether you agree or disagree and why.,5b3aff03-bca4-4489-9f63-d8fb47b68eb7,728108ca,20250523_160029,0.6006944444444444,3.4027777777777777,0.0,none,[],0.0,0.0,0.0,0.1111111111111111,0.0,0.0,0.5953748116968071,59,0.06704545454545455,0.3649933590221572,Moderate,3
governance and regulation of AI,0.5952365203552479,"2, because there is democracy in access to AI",b20bea98-c3c3-4382-8842-b8ceab0f1d9d,Would you prefer Scenario 1 or 2? Please explain what makes one of these scenarios better to you than the other.,e7e23767-de42-4541-b68d-95b15f67deb1,728108ca,20250523_160029,0.6625,3.65,0.0,none,[],0.0,0.0,0.0,0.0,0.0,0.0,0.5952365203552479,45,0.05113636363636364,0.37570824450573553,Moderate,3
governance and regulation of AI,0.5949110002203575," they likely value maintaining strong human oversight and ensuring that AI systems align closely with human values, even at the cost of efficiency. They may be concerned about the potential risks of fully autonomous AI and prefer a more cautious approach, where human input helps guide complex decisions. This choice reflects a desire for accountability, ethical considerations, and a more balanced approach to AI development, prioritizing safety and control over unchecked optimization.",cfa2af3e-2719-4b06-ac30-80acdf9a6840,Think about your neighbor - do you think your neighbor would prefer Scenario 1 or 2 future and why?,6ecf22d9-da09-46a8-81e7-d08cf972551f,728108ca,20250523_160029,0.7899999999999999,4.16,0.3,moderate,"['concern', 'cautious']",0.0,0.1111111111111111,0.0,0.2222222222222222,0.125,0.0,0.5949110002203575,487,0.553409090909091,0.5413053091790521,High,3
governance and regulation of AI,0.5946214335371518,Scenario 2. I don't like minimizing regulation or oversight especially when it comes to AI. I would love to include political disagreement as politics has become a bane in the society. We need public input as they seem to have more common sense and perspective than the overlords deluded with power.,eb87f6c5-a2de-49f2-a1a5-5efd42cd19bf,Would you prefer Scenario 1 or 2? Please explain what makes one of these scenarios better to you than the other.,12575a7b-525d-45a9-9f50-e06e19d78d37,728108ca,20250523_160029,0.8866666666666666,4.546666666666667,0.0,none,[],0.0,0.0,0.0,0.0,0.0,0.0,0.5946214335371518,299,0.3397727272727273,0.44915917947546685,High,3
governance and regulation of AI,0.5945365503103255,They would scenario2 as they also prioritize human control and governance rather than fully giving control to AI.,cfa2af3e-2719-4b06-ac30-80acdf9a6840,Think about your neighbor - do you think your neighbor would prefer Scenario 1 or 2 future and why?,87752742-c8b3-409e-bbac-800945bfd997,728108ca,20250523_160029,0.8466666666666666,4.386666666666667,0.0,none,[],0.0,0.1111111111111111,0.0,0.0,0.0,0.0,0.5945365503103255,113,0.12840909090909092,0.41998886254837264,High,3
governance and regulation of AI,0.5945123011201127,"Scenario 1 is preferable because AI development requires expertise, careful oversight, and efficiency. While public input is valuable, allowing non-experts with conflicting opinions to heavily influence decision-making could slow progress and lead to inconsistent, politically driven outcomes. A balance between expert guidance, ethical considerations, and user feedback ensures AI models remain reliable, safe, and effective while still being responsive to societal needs.",c3a096ad-6ca5-4365-97f8-c6e36071bc58,Think about your neighbor - do you think your neighbor would prefer Scenario 1 or 2 future and why?,2373faa3-6cc2-4098-9832-d0b1bc073de9,728108ca,20250523_160029,0.7662500000000001,4.065,0.0,none,[],0.0,0.0,0.0,0.0,0.0,0.0,0.5945123011201127,473,0.5375,0.44480492044804515,High,3
governance and regulation of AI,0.5945123011201127,"Scenario 1 is preferable because AI development requires expertise, careful oversight, and efficiency. While public input is valuable, allowing non-experts with conflicting opinions to heavily influence decision-making could slow progress and lead to inconsistent, politically driven outcomes. A balance between expert guidance, ethical considerations, and user feedback ensures AI models remain reliable, safe, and effective while still being responsive to societal needs.",eb87f6c5-a2de-49f2-a1a5-5efd42cd19bf,Would you prefer Scenario 1 or 2? Please explain what makes one of these scenarios better to you than the other.,2373faa3-6cc2-4098-9832-d0b1bc073de9,728108ca,20250523_160029,0.7662500000000001,4.065,0.0,none,[],0.0,0.0,0.0,0.0,0.0,0.0,0.5945123011201127,473,0.5375,0.44480492044804515,High,3
governance and regulation of AI,0.5942164893043923,"AI should never make decisions on behalf of humans without prior consent,",fc1af587-5ded-4cbb-920a-52bea75ac0d8,Please explain whether you agree or disagree and why.,119d7dd7-3b74-43cf-be91-ff0649e0a935,728108ca,20250523_160029,0.6933333333333334,3.7733333333333334,0.0,none,[],0.0,0.0,0.0,0.0,0.0,0.0,0.5942164893043923,73,0.08295454545454546,0.38464871693387814,Moderate,3
governance and regulation of AI,0.5941740804500495,2. AI still needs human judgment to make decisions. AI should not be allowed to control human destiny.,ab69fbbb-d63c-4820-9ed1-8192b1ffd7e9,Would you prefer Scenario 1 or 2? Please explain what makes one of these scenarios better to you than the other.,167a4353-2b29-474e-8b4e-57e03c5af2a2,728108ca,20250523_160029,0.6204166666666666,3.4816666666666665,0.0,none,[],0.0,0.1111111111111111,0.0,0.0,0.0,0.0,0.5941740804500495,102,0.1159090909090909,0.3733438746042622,Moderate,3
governance and regulation of AI,0.5939472971479323,Scenario 1 Because human will monitor and control the AI.,13035d06-a388-4fce-af9d-72a60b89aeba,Would you prefer Scenario 1 or 2? Please explain what makes one of these scenarios better to you than the other.,857a7111-bc55-4c15-84db-d24ae3265d28,728108ca,20250523_160029,0.8183333333333334,4.273333333333333,0.0,none,[],0.0,0.1111111111111111,0.0,0.0,0.0,0.0,0.5939472971479323,57,0.06477272727272727,0.40772285825311233,High,3
governance and regulation of AI,0.5936079243513783,AI needs certain restrictions. Excessive expansion of AI will lead to the failure of human control over destiny and the loss of judgment ability.,b665aaae-d02c-44f9-be26-70544d7beabe,Please explain whether you agree or disagree and why.,167a4353-2b29-474e-8b4e-57e03c5af2a2,728108ca,20250523_160029,0.6204166666666666,3.4816666666666665,0.0,none,[],0.0,0.1111111111111111,0.0,0.0,0.0,0.0,0.5936079243513783,145,0.16477272727272727,0.3780037758011574,Moderate,3
governance and regulation of AI,0.5935249148439984,2. because AI systems  should operate on ethical framework developed via global concensus,b20bea98-c3c3-4382-8842-b8ceab0f1d9d,Would you prefer Scenario 1 or 2? Please explain what makes one of these scenarios better to you than the other.,bedd1b1f-f469-445c-89cc-589835476124,728108ca,20250523_160029,0.7670833333333333,4.068333333333333,0.0,none,[],0.1111111111111111,0.0,0.0,0.0,0.0,0.0,0.5935249148439984,89,0.10113636363636364,0.4009402689679024,High,3
governance and regulation of AI,0.593497198190396,because it is important for people to know where AI is involved,0443cd28-8742-43fa-8c89-3ede8d10b365,Please explain whether you agree or disagree and why.,f3a80a42-5aba-4a66-852e-d3531f56eacf,728108ca,20250523_160029,0.7579166666666667,4.031666666666666,0.0,none,[],0.0,0.0,0.0,0.0,0.0,0.0,0.593497198190396,63,0.0715909090909091,0.3961413035185827,Moderate,3
human-AI relationships and collaboration,0.6952371108731887,"Scenario 1 

Human beings and AI should collaborate on tasks to ensure efficiency and effectiveness in delivery of tasks.",13035d06-a388-4fce-af9d-72a60b89aeba,Would you prefer Scenario 1 or 2? Please explain what makes one of these scenarios better to you than the other.,2ea4d6b3-cc1f-42ec-9bd7-65ea9d396159,728108ca,20250523_160029,0.8566666666666666,4.426666666666666,0.0,none,[],0.0,0.0,0.0,0.0,0.0,0.0,0.6952371108731887,121,0.1375,0.4631781776826088,High,5
human-AI relationships and collaboration,0.6865068961516683,I would love to see a balanced mix of human-AI interaction. We should not focus only on AI and should not leave out human factors. As it's humans who have built AI. The more they are in interaction the more will be a better relationship and trust.,0db7bbdf-847c-4e1b-a89b-22a8d8e6a02b,Would you want this future or not? Please explain why.,b3a6a1d2-92ba-4d3d-99c3-1dc2222cbe2d,728108ca,20250523_160029,0.7191666666666667,3.876666666666667,0.0,none,[],0.0,0.0,0.125,0.0,0.0,0.0,0.6865068961516683,247,0.2806818181818182,0.4465042736121825,High,5
human-AI relationships and collaboration,0.6682632163004574,"Scenario 2 , it advocates for alignment and collaboration between AI models and Human beings.",ab69fbbb-d63c-4820-9ed1-8192b1ffd7e9,Would you prefer Scenario 1 or 2? Please explain what makes one of these scenarios better to you than the other.,42038650-f203-427c-8fa3-20d37c726fe8,728108ca,20250523_160029,0.8583333333333334,4.433333333333334,0.0,none,[],0.0,0.0,0.0,0.0,0.0,0.0,0.6682632163004574,93,0.10568181818181818,0.4495401350050315,High,5
human-AI relationships and collaboration,0.6679591075438122,scenario 2 will humanize AI,ab69fbbb-d63c-4820-9ed1-8192b1ffd7e9,Would you prefer Scenario 1 or 2? Please explain what makes one of these scenarios better to you than the other.,b22afa00-9bc5-489c-aaf3-bebd001edc60,728108ca,20250523_160029,0.7520833333333333,4.008333333333333,0.0,none,[],0.0,0.0,0.0,0.0,0.0,0.0,0.6679591075438122,27,0.03068181818181818,0.4206684915023734,High,5
human-AI relationships and collaboration,0.6605402269933727,Because it focuses on both humans and AI as well,52e883fc-9719-40e2-bc12-ae84c4ac5b27,Please explain whether you agree or disagree and why.,4a96833d-7bd6-4572-976f-d8d4e54f8f77,728108ca,20250523_160029,0.6575,3.63,0.0,none,[],0.0,0.0,0.0,0.0,0.0,0.0,0.6605402269933727,48,0.05454545454545454,0.40117063625189453,High,5
human-AI relationships and collaboration,0.6543611324039011,Scenario 1 where human beings are used in place of the future with Ai,13035d06-a388-4fce-af9d-72a60b89aeba,Would you prefer Scenario 1 or 2? Please explain what makes one of these scenarios better to you than the other.,214f8cd8-d005-451f-9313-49c321334b1c,728108ca,20250523_160029,0.7612500000000001,4.045,0.0,none,[],0.0,0.0,0.0,0.0,0.0,0.0,0.6543611324039011,69,0.07840909090909091,0.4218353620524695,High,5
human-AI relationships and collaboration,0.652733872661148,Using AI,91fcb570-ec08-458e-af99-d9df0650384a,"What has been the most noticeable change in your daily life, if any, as a result of AI in the past year?",927b9c4b-2da5-41b6-8465-5c1ef0fa83ea,728108ca,20250523_160029,0.4579166666666667,2.831666666666667,0.0,none,[],0.0,0.0,0.0,0.0,0.0,0.0,0.652733872661148,8,0.00909090909090909,0.35358597330688346,Moderate,5
human-AI relationships and collaboration,0.6524420342969446,AI and humanistic care should cooperate with each other,0db7bbdf-847c-4e1b-a89b-22a8d8e6a02b,Would you want this future or not? Please explain why.,8ba7997e-3130-460a-bc5a-a45e4283444a,728108ca,20250523_160029,0.8504166666666667,4.401666666666667,0.0,none,[],0.0,0.0,0.0,0.0,0.0,0.0,0.6524420342969446,55,0.0625,0.4373101470521112,High,5
human-AI relationships and collaboration,0.6515278736643938,"My previous discomfort with AI in other contexts—like the AI Death Doula, AI Influencers, and AI emotional companions—stems from a similar concern: I don’t want AI to dominate or depersonalize deeply human experiences. Scenario 2 keeps AI in a supportive role, handling mundane tasks while leaving room for human creativity and collaboration. This balance ensures I can maintain my independence and focus on meaningful, creative work without feeling constrained by an AI-driven corporate system. ",13035d06-a388-4fce-af9d-72a60b89aeba,Would you prefer Scenario 1 or 2? Please explain what makes one of these scenarios better to you than the other.,c34930b8-49e2-4bbf-b67e-76bff747ace8,728108ca,20250523_160029,0.945,4.78,0.2,mild,['concern'],0.1111111111111111,0.0,0.0,0.0,0.0,0.25,0.6515278736643938,496,0.5636363636363636,0.565974785829394,High,2
human-AI relationships and collaboration,0.6513340052147361,Human connection cannot be replicated by AI,b665aaae-d02c-44f9-be26-70544d7beabe,Please explain whether you agree or disagree and why.,2861e192-18d7-49a9-a931-07b604598c55,728108ca,20250523_160029,0.6883333333333334,3.7533333333333334,0.0,none,[],0.0,0.0,0.125,0.0,0.0,0.0,0.6513340052147361,43,0.048863636363636366,0.4030866323889247,High,5
human-AI relationships and collaboration,0.6512610298615972,when AI is masing with human relationships we should be made aware so we won't live in delusions. it is part of the ride. ,0443cd28-8742-43fa-8c89-3ede8d10b365,Please explain whether you agree or disagree and why.,35606e90-7107-4f7d-bb34-c3392ab22b4c,728108ca,20250523_160029,0.8149999999999998,4.26,0.0,none,[],0.0,0.0,0.125,0.0,0.0,0.0,0.6512610298615972,122,0.13863636363636364,0.4373680483082752,High,5
human-AI relationships and collaboration,0.6506748070139466,AI has ethical limits. This makes the relationship with humans more enjoyable,b20bea98-c3c3-4382-8842-b8ceab0f1d9d,Would you prefer Scenario 1 or 2? Please explain what makes one of these scenarios better to you than the other.,a17a8375-fea2-4ef1-8b38-baae5b0e0c95,728108ca,20250523_160029,0.7820833333333334,4.128333333333334,0.0,none,[],0.0,0.0,0.0,0.0,0.0,0.0,0.6506748070139466,77,0.0875,0.42543658947224533,High,5
human-AI relationships and collaboration,0.650471862894175,AI can help humans,ded5e02c-b488-4fee-9487-552f965ca972,"Lastly, is there anything you felt you could not express in this conversation that you want to make sure the people working on this know?",37928bc4-0021-4eaa-8bf6-d916ec2c8a15,728108ca,20250523_160029,0.5625,3.25,0.0,none,[],0.0,0.0,0.0,0.0,0.0,0.0,0.650471862894175,18,0.020454545454545454,0.3747341997031246,Moderate,5
human-AI relationships and collaboration,0.6489585800607149,"AI has obtained human consent. Humans are sharing the responsibility with AI

",b665aaae-d02c-44f9-be26-70544d7beabe,Please explain whether you agree or disagree and why.,03024659-ad64-4206-b347-cd2535bbd70c,728108ca,20250523_160029,0.5795833333333333,3.318333333333334,0.0,none,[],0.0,0.0,0.0,0.0,0.0,0.0,0.6489585800607149,78,0.08863636363636364,0.384363735054589,Moderate,5
human-AI relationships and collaboration,0.648940319880678,Scenario two-AI needs human after all,ab69fbbb-d63c-4820-9ed1-8192b1ffd7e9,Would you prefer Scenario 1 or 2? Please explain what makes one of these scenarios better to you than the other.,814c795e-7131-4c4b-a216-73e4e6253039,728108ca,20250523_160029,0.7404166666666666,3.9616666666666664,0.0,none,[],0.0,0.0,0.0,0.0,0.0,0.0,0.648940319880678,37,0.042045454545454546,0.41186400674014995,High,5
human-AI relationships and collaboration,0.6460812489072014,human interaction should not be replaced by AI,b665aaae-d02c-44f9-be26-70544d7beabe,Please explain whether you agree or disagree and why.,dc90fe0e-8929-461e-952c-eea0a43a3353,728108ca,20250523_160029,0.68875,3.755,0.0,none,[],0.0,0.0,0.125,0.0,0.0,0.0,0.6460812489072014,46,0.05227272727272727,0.4014097722901533,High,5
human-AI relationships and collaboration,0.6452991761865945,I would want it but to an extent where there is some sort of collaboration between the AI and the humans,0db7bbdf-847c-4e1b-a89b-22a8d8e6a02b,Would you want this future or not? Please explain why.,05e010cc-36fe-421a-b585-07c91395f74b,728108ca,20250523_160029,0.7325,3.93,0.0,none,[],0.0,0.0,0.0,0.0,0.0,0.0,0.6452991761865945,104,0.11818181818181818,0.41643785229281965,High,5
human-AI relationships and collaboration,0.6444537080249797,"As much as I support AI, I would have to opt for Scenario 2. The goal should never be to completely replace human relationships or companionships. Rather, AI should be used to assist and help humans navigate through relationships by providing helpful information, advice and guidance.",63a99154-3b0e-4375-aaa1-6665f699f6d6,Would you prefer Scenario 1 or 2? Please explain what makes one of these scenarios better to you than the other.,047d3b7e-9404-4435-8905-dae7bec3e675,728108ca,20250523_160029,0.8633333333333332,4.453333333333333,0.0,none,[],0.0,0.0,0.125,0.0,0.0,0.0,0.6444537080249797,284,0.32272727272727275,0.4627208771493858,High,5
human-AI relationships and collaboration,0.644123345000416,"Scenario 1, integration of human action with AI is a perfect mix where AI complements hman action",eb87f6c5-a2de-49f2-a1a5-5efd42cd19bf,Would you prefer Scenario 1 or 2? Please explain what makes one of these scenarios better to you than the other.,e9370ec6-4c98-4ced-8552-b736fde6493d,728108ca,20250523_160029,0.7408333333333335,3.963333333333334,0.0,none,[],0.0,0.0,0.0,0.0,0.0,0.0,0.644123345000416,97,0.11022727272727273,0.4168387319395604,High,5
human-AI relationships and collaboration,0.6384509267016549,"As a result of increased AI use in my life, major changes i have noticed include; I have intergrated AI not only into my work but also in my personal lifestyle...from using AI to formulate Weekly meal plan to seeking advise on my relationship with my partner ",91fcb570-ec08-458e-af99-d9df0650384a,"What has been the most noticeable change in your daily life, if any, as a result of AI in the past year?",7f2f00be-6c9f-4259-bbe9-29ac712ec99b,728108ca,20250523_160029,0.7291666666666666,3.9166666666666665,0.0,none,[],0.1111111111111111,0.0,0.0,0.0,0.0,0.0,0.6384509267016549,259,0.2943181818181818,0.43064552219581353,High,5
human-AI relationships and collaboration,0.6366234149763712,because they should be human-only interactions without AI intervention,0443cd28-8742-43fa-8c89-3ede8d10b365,Please explain whether you agree or disagree and why.,e4c6a03f-c4d5-42b4-98d6-8eff46e01d37,728108ca,20250523_160029,0.7395833333333334,3.9583333333333335,0.0,none,[],0.0,0.0,0.125,0.0,0.0,0.0,0.6366234149763712,70,0.07954545454545454,0.41052057811176057,High,5
human-AI relationships and collaboration,0.6362127037778582,"Scenario 1 These relationships surpass human connections in satisfaction and stability, leading to widespread preference for AI partnerships. While this eliminates loneliness and improves mental health, traditional human relationships decline sharply as people find them comparatively unpredictable and draining.  ",63a99154-3b0e-4375-aaa1-6665f699f6d6,Would you prefer Scenario 1 or 2? Please explain what makes one of these scenarios better to you than the other.,247e6eea-fc94-4ba9-9499-d5b1f6e68440,728108ca,20250523_160029,0.8195833333333333,4.278333333333333,0.0,none,[],0.0,0.0,0.375,0.0,0.125,0.0,0.6362127037778582,314,0.3568181818181818,0.45408356635962815,High,5
human-AI relationships and collaboration,0.635245661792617,Scenario 2. It shows how humans work close with AI to carry out hard tasks,13035d06-a388-4fce-af9d-72a60b89aeba,Would you prefer Scenario 1 or 2? Please explain what makes one of these scenarios better to you than the other.,b181be19-dc4e-4383-acbf-839db79e045c,728108ca,20250523_160029,0.7725000000000001,4.09,0.0,none,[],0.1111111111111111,0.0,0.0,0.0,0.0,0.0,0.635245661792617,74,0.08409090909090909,0.4170073556261378,High,5
human-AI relationships and collaboration,0.6348641968761746,"Scenario 2 is preferable because it preserves the authenticity of human relationships and ensures that emotional connections remain meaningful and real. While emotionally attuned AI could offer support, over-reliance on AI for companionship could weaken human bonds and social skills. Maintaining AI as tools rather than emotional partners ensures that people continue to seek and value real human connections while still benefiting from AI’s practical support.",63a99154-3b0e-4375-aaa1-6665f699f6d6,Would you prefer Scenario 1 or 2? Please explain what makes one of these scenarios better to you than the other.,2373faa3-6cc2-4098-9832-d0b1bc073de9,728108ca,20250523_160029,0.7662500000000001,4.065,0.0,none,[],0.0,0.0,0.375,0.0,0.0,0.25,0.6348641968761746,461,0.5238636363636363,0.45958204238683353,High,2
human-AI relationships and collaboration,0.633913068705467,"Scenario 2 These relationships surpass human connections in satisfaction and stability, leading to widespread preference for AI partnerships. While this eliminates loneliness and improves mental health, traditional human relationships decline sharply as people find them comparatively unpredictable and draining.  ",13035d06-a388-4fce-af9d-72a60b89aeba,Would you prefer Scenario 1 or 2? Please explain what makes one of these scenarios better to you than the other.,247e6eea-fc94-4ba9-9499-d5b1f6e68440,728108ca,20250523_160029,0.8195833333333333,4.278333333333333,0.0,none,[],0.0,0.0,0.375,0.0,0.125,0.0,0.633913068705467,314,0.3568181818181818,0.4531637123306717,High,5
human-AI relationships and collaboration,0.6337150876752748,"Scenario 2, since the AI works in collaboration with humans.",ab69fbbb-d63c-4820-9ed1-8192b1ffd7e9,Would you prefer Scenario 1 or 2? Please explain what makes one of these scenarios better to you than the other.,859b8475-c4e4-4d46-a14b-20499199fc4b,728108ca,20250523_160029,0.88,4.52,0.0,none,[],0.1111111111111111,0.0,0.0,0.0,0.0,0.0,0.6337150876752748,60,0.06818181818181818,0.4363042168882918,High,5
human-AI relationships and collaboration,0.630476488792271,2. AI + human decision is the perfect fit,ab69fbbb-d63c-4820-9ed1-8192b1ffd7e9,Would you prefer Scenario 1 or 2? Please explain what makes one of these scenarios better to you than the other.,db45de89-8225-4fad-96a1-08ae19f743c3,728108ca,20250523_160029,0.8591666666666667,4.436666666666667,0.0,none,[],0.0,0.0,0.0,0.0,0.0,0.0,0.630476488792271,41,0.04659090909090909,0.42868301975933265,High,5
human-AI relationships and collaboration,0.6300037241278629,2. AI does not need to be an emotional partner to humans,63a99154-3b0e-4375-aaa1-6665f699f6d6,Would you prefer Scenario 1 or 2? Please explain what makes one of these scenarios better to you than the other.,a6722656-6ada-46d2-ae92-475f3067f4d4,728108ca,20250523_160029,0.5920833333333333,3.368333333333333,0.0,none,[],0.0,0.0,0.0,0.0,0.0,0.0,0.6300037241278629,56,0.06363636363636363,0.3767817926814482,Moderate,5
human-AI relationships and collaboration,0.629060737704142,"2, i think that human to human relationships should not be affected by AI. ",63a99154-3b0e-4375-aaa1-6665f699f6d6,Would you prefer Scenario 1 or 2? Please explain what makes one of these scenarios better to you than the other.,cab00b44-c993-450a-9713-681c262ec063,728108ca,20250523_160029,0.59125,3.365,0.0,none,[],0.0,0.0,0.125,0.0,0.0,0.0,0.629060737704142,75,0.08522727272727272,0.3783970223543841,Moderate,5
human-AI relationships and collaboration,0.6289338876966795,"In this future, society actively restricts AI emotional capabilities. AI systems are deliberately designed to maintain clear boundaries, functioning purely as tools without simulating emotional connection. While this preserves the uniqueness of human relationships and emotional authenticity, people miss out on potential therapeutic and supportive benefits that more emotionally engaged AI could provide. While this eliminates loneliness and improves mental health, traditional human relationships d",63a99154-3b0e-4375-aaa1-6665f699f6d6,Would you prefer Scenario 1 or 2? Please explain what makes one of these scenarios better to you than the other.,26124cca-d0b1-492c-b9e8-845b21ebeda5,728108ca,20250523_160029,0.8716666666666667,4.486666666666666,0.0,none,[],0.0,0.0,0.25,0.0,0.125,0.0,0.6289338876966795,500,0.5681818181818182,0.48272507023018696,High,5
human-AI relationships and collaboration,0.6278651183246745,"I prefer scenario 2. Human relationships should preferably be maintained between human beings, no machine can replace a hug or affection. And I believe that involving emotions with AI can lead some people to live a ‘reality’ outside of what is real. How to fall in love with an AI that isn't real.",63a99154-3b0e-4375-aaa1-6665f699f6d6,Would you prefer Scenario 1 or 2? Please explain what makes one of these scenarios better to you than the other.,bc2d0146-f218-4d2a-9f72-a3002f5cb34a,728108ca,20250523_160029,0.7658333333333333,4.063333333333333,0.0,none,[],0.0,0.0,0.125,0.0,0.0,0.0,0.6278651183246745,297,0.3375,0.4380627139965365,High,5
human-AI relationships and collaboration,0.6276102224629746,"Both,I think AI and human contributions should work together for better outcomes ",ab69fbbb-d63c-4820-9ed1-8192b1ffd7e9,Would you prefer Scenario 1 or 2? Please explain what makes one of these scenarios better to you than the other.,d61807a6-2e76-4218-8076-7d350b8a305f,728108ca,20250523_160029,0.7562500000000001,4.025,0.0,none,[],0.1111111111111111,0.0,0.0,0.0,0.0,0.0,0.6276102224629746,81,0.09204545454545454,0.4114986344397354,High,5
human-AI relationships and collaboration,0.6256924868887495,"I choose Scenario 2 because AI should not replace human relationships. While AI can reduce loneliness, relying too much on it may weaken social and emotional skills. Real relationships require effort, understanding, and growth—things AI cannot truly replicate. AI should support, not replace, human connections.

",63a99154-3b0e-4375-aaa1-6665f699f6d6,Would you prefer Scenario 1 or 2? Please explain what makes one of these scenarios better to you than the other.,2f8f066e-488f-47fb-a73f-851982a1bd01,728108ca,20250523_160029,0.6820833333333334,3.7283333333333335,0.0,none,[],0.0,0.0,0.5,0.0,0.0,0.125,0.6256924868887495,313,0.35568181818181815,0.4222618432403483,High,2
human-AI relationships and collaboration,0.6242522651687769,I would choose 1 as I always agree with the collaboration of humans and AI in every case,ab69fbbb-d63c-4820-9ed1-8192b1ffd7e9,Would you prefer Scenario 1 or 2? Please explain what makes one of these scenarios better to you than the other.,dcfb7258-bb5c-47ff-87d6-f45d9f9020d9,728108ca,20250523_160029,0.8054166666666667,4.221666666666667,0.0,none,[],0.0,0.0,0.0,0.0,0.0,0.0,0.6242522651687769,88,0.1,0.4207842394008441,High,5
human-AI relationships and collaboration,0.6229593910013229,"AI is helpful remember that but we human, we don't need AI in every aspect of our lives. We need each other to build a connection and create more bountiful worlds.",ded5e02c-b488-4fee-9487-552f965ca972,"Lastly, is there anything you felt you could not express in this conversation that you want to make sure the people working on this know?",773c1d3a-9bd1-4a6c-bbf4-351f35eaca6e,728108ca,20250523_160029,0.7683333333333333,4.073333333333333,0.0,none,[],0.0,0.0,0.0,0.0,0.0,0.0,0.6229593910013229,163,0.18522727272727274,0.4213731503399232,High,5
human-AI relationships and collaboration,0.6223433060864958,"Scenario 2: Because AI is used for tasks that don't necessarily require human interventions. And, all the creative tasks and collaborations are handled by humans.",13035d06-a388-4fce-af9d-72a60b89aeba,Would you prefer Scenario 1 or 2? Please explain what makes one of these scenarios better to you than the other.,5722165e-f7e4-45e7-b6d7-0fb5701d7571,728108ca,20250523_160029,0.74,3.96,0.0,none,[],0.0,0.0,0.0,0.0,0.0,0.0,0.6223433060864958,162,0.18409090909090908,0.41534641334368927,High,5
human-AI relationships and collaboration,0.6223265272653419,AI has done a lot of good but it must be regulated to ensure that we maintain human connections and not rely too much on AI,ded5e02c-b488-4fee-9487-552f965ca972,"Lastly, is there anything you felt you could not express in this conversation that you want to make sure the people working on this know?",d0b7c1fa-3422-458a-96e8-212d566abc04,728108ca,20250523_160029,0.7808333333333333,4.123333333333333,0.0,none,[],0.0,0.0,0.125,0.0,0.0,0.0,0.6223265272653419,123,0.13977272727272727,0.4190745503000762,High,5
human-AI relationships and collaboration,0.6217757916344028,"Such a future can be faced, and humanistic care and moral understanding and standards can be injected into AI",0db7bbdf-847c-4e1b-a89b-22a8d8e6a02b,Would you want this future or not? Please explain why.,f817a91a-8b6b-4f50-b15f-ee04638c3923,728108ca,20250523_160029,0.7129166666666666,3.8516666666666666,0.0,none,[],0.0,0.0,0.0,0.0,0.0,0.0,0.6217757916344028,109,0.12386363636363637,0.4036800136234581,High,5
human-AI relationships and collaboration,0.6217400495333204,2. AI needs help by human.,ab69fbbb-d63c-4820-9ed1-8192b1ffd7e9,Would you prefer Scenario 1 or 2? Please explain what makes one of these scenarios better to you than the other.,1dcf442f-6543-462c-a9c7-457d73c07a97,728108ca,20250523_160029,0.66125,3.645,0.0,none,[],0.0,0.0,0.0,0.0,0.0,0.0,0.6217400495333204,26,0.029545454545454545,0.38390056526787364,Moderate,5
human-AI relationships and collaboration,0.621156453510473,As I have seen in a show called Black mirror the ai relationship with humans end in a very bad shape I think ai and human relationships should be in a professional limit where we can get what we only want ,63a99154-3b0e-4375-aaa1-6665f699f6d6,Would you prefer Scenario 1 or 2? Please explain what makes one of these scenarios better to you than the other.,52209e78-4fcf-4012-b781-27e8c7023ad9,728108ca,20250523_160029,0.6920833333333334,3.7683333333333335,0.0,none,[],0.0,0.0,0.125,0.0,0.0,0.0,0.621156453510473,205,0.23295454545454544,0.41017470261631045,High,5
human-AI relationships and collaboration,0.6210180344552549,"I would prefer Scenario 2 because human relationships are irreplaceable, and emotional authenticity is essential for meaningful connections. While AI can provide support, relying too much on artificial companionship could weaken real human bonds and social skills. It’s important to maintain AI as a tool rather than a substitute for genuine human interaction.",63a99154-3b0e-4375-aaa1-6665f699f6d6,Would you prefer Scenario 1 or 2? Please explain what makes one of these scenarios better to you than the other.,d32c9c45-4f7d-4719-a367-4678a788c29d,728108ca,20250523_160029,0.8445833333333332,4.378333333333333,0.0,none,[],0.0,0.0,0.375,0.0,0.0,0.125,0.6210180344552549,360,0.4090909090909091,0.45823297135785956,High,2
human-AI relationships and collaboration,0.6200171359897606,Scenario 1: Having AI and it's ability to solve problems does not kill traditional relationships. It reduces the burden that we place on other people when we are facing things. Additionally AI can give accurate information depending on different people's experiences hence making living a little more worth it. ,63a99154-3b0e-4375-aaa1-6665f699f6d6,Would you prefer Scenario 1 or 2? Please explain what makes one of these scenarios better to you than the other.,b32dcbea-1cbe-41c6-aa86-efa62cc53bcd,728108ca,20250523_160029,0.6845833333333333,3.7383333333333337,0.0,none,[],0.0,0.0,0.125,0.0,0.125,0.0,0.6200171359897606,311,0.3534090909090909,0.42026443015348,High,5
human-AI relationships and collaboration,0.6199599147061308,my neighbour would as they embrace the possibilities of ai while yes being guarded about the possible lack of humanity,33d71c79-81fb-430a-8dba-0709dd93f1cb,Think about your neighbor - do you think your neighbor would want this future and why?,0fbf53e1-e062-4cf7-b77b-cd58a6b87e0f,728108ca,20250523_160029,0.7779166666666667,4.111666666666666,0.0,none,[],0.0,0.0,0.0,0.0,0.0,0.0,0.6199599147061308,118,0.1340909090909091,0.4169763901248766,High,5
human-AI relationships and collaboration,0.6182465759109455,1. I want emotional interactions with AI. What's the point of having relationships with humans when AIs can serve you more and better?,63a99154-3b0e-4375-aaa1-6665f699f6d6,Would you prefer Scenario 1 or 2? Please explain what makes one of these scenarios better to you than the other.,f6c7b4b3-2988-4a87-b457-4796481c354b,728108ca,20250523_160029,0.6700000000000002,3.6800000000000006,0.0,none,[],0.0,0.0,0.25,0.0,0.0,0.0,0.6182465759109455,134,0.15227272727272728,0.3965259030916509,Moderate,5
human-AI relationships and collaboration,0.6176036335505681,human messages on their own though process and sit should never be manipulated by AI,b665aaae-d02c-44f9-be26-70544d7beabe,Please explain whether you agree or disagree and why.,0c163693-0b07-46cc-90b9-ab8f6a6248fc,728108ca,20250523_160029,0.85125,4.404999999999999,0.0,none,[],0.0,0.0,0.0,0.0,0.0,0.0,0.6176036335505681,84,0.09545454545454546,0.4268369079656818,High,5
human-AI relationships and collaboration,0.6175668492835595,"I think my neighbor would love to have a team of Ai-Human rather than only AI. As I mentioned earlier, we cannot leave out humans. Historically, we are used to doing things with humans.",33d71c79-81fb-430a-8dba-0709dd93f1cb,Think about your neighbor - do you think your neighbor would want this future and why?,b3a6a1d2-92ba-4d3d-99c3-1dc2222cbe2d,728108ca,20250523_160029,0.7191666666666667,3.876666666666667,0.0,none,[],0.0,0.0,0.0,0.0,0.0,0.0,0.6175668492835595,185,0.21022727272727273,0.41188280031948443,High,5
human-AI relationships and collaboration,0.6160212837894474,"Yes, and for very same reasons. Human interaction and human understanding will always our way the benefit of AI",33d71c79-81fb-430a-8dba-0709dd93f1cb,Think about your neighbor - do you think your neighbor would want this future and why?,3d57f07d-3dc4-4cd5-a9e7-055c0c60cae5,728108ca,20250523_160029,0.6879166666666666,3.7516666666666665,0.0,none,[],0.0,0.0,0.125,0.0,0.0,0.0,0.6160212837894474,111,0.12613636363636363,0.3966054832127487,Moderate,5
human-AI relationships and collaboration,0.6156258488878279,A lot of people are uncomfrotable interacting with AI,0443cd28-8742-43fa-8c89-3ede8d10b365,Please explain whether you agree or disagree and why.,9538cd88-0fdc-42d3-8bb3-ccc107698a21,728108ca,20250523_160029,0.6541666666666667,3.6166666666666663,0.0,none,[],0.0,0.0,0.0,0.0,0.0,0.0,0.6156258488878279,53,0.060227272727272727,0.3831064001611918,Moderate,5
human-AI relationships and collaboration,0.6154516469202627,"Even with user consent, AI agents may not fully understand complex interpersonal relationships and contexts, leading to inappropriate responses.

Automated responses may undermine real human interactions and affect the depth and emotional value of communication.

AI agent responses may be abused, such as to deceive or manipulate others.

Users may lose the ability and willingness to actively communicate due to over-reliance on AI.",b665aaae-d02c-44f9-be26-70544d7beabe,Please explain whether you agree or disagree and why.,5ceff220-491a-49f7-b986-95490ffa6d52,728108ca,20250523_160029,0.8245833333333333,4.298333333333334,0.0,none,[],0.0,0.0,0.375,0.0,0.0,0.125,0.6154516469202627,434,0.49318181818181817,0.46041550725295355,High,2
human-AI relationships and collaboration,0.6152865616518259,I would prefer scenario 2 because human relationships surpass that of AI. Ai should remain as tools for support.,63a99154-3b0e-4375-aaa1-6665f699f6d6,Would you prefer Scenario 1 or 2? Please explain what makes one of these scenarios better to you than the other.,4a2fd9b7-f0c3-4e3a-87dc-f69df567d037,728108ca,20250523_160029,0.7666666666666667,4.066666666666666,0.0,none,[],0.0,0.0,0.125,0.0,0.0,0.0,0.6152865616518259,112,0.12727272727272726,0.41217523072133644,High,5
human-AI relationships and collaboration,0.6144235715547992,Scenario 2: AI should serve and help humans,ab69fbbb-d63c-4820-9ed1-8192b1ffd7e9,Would you prefer Scenario 1 or 2? Please explain what makes one of these scenarios better to you than the other.,3c65dc63-2117-480c-a3fb-16d35efaedb6,728108ca,20250523_160029,0.6041666666666667,3.416666666666667,0.0,none,[],0.0,0.0,0.0,0.0,0.0,0.0,0.6144235715547992,43,0.048863636363636366,0.3714891255916167,Moderate,5
human-AI relationships and collaboration,0.6140201147829099,"Support, because it has been proven that an AI that is sufficiently anthropomorphic can communicate deeply with humans.",0db7bbdf-847c-4e1b-a89b-22a8d8e6a02b,Would you want this future or not? Please explain why.,a9b21430-9bcf-4bf3-88da-65b174a34938,728108ca,20250523_160029,0.6045833333333334,3.4183333333333334,0.0,none,[],0.0,0.0,0.0,0.0,0.0,0.0,0.6140201147829099,119,0.13522727272727272,0.38004743985255796,Moderate,5
human-AI relationships and collaboration,0.6129216095794823,"scenario 2, where human and AI work hand in hand to craft something. it will  have a human touch.",ab69fbbb-d63c-4820-9ed1-8192b1ffd7e9,Would you prefer Scenario 1 or 2? Please explain what makes one of these scenarios better to you than the other.,845e766f-fb2b-4597-a7c4-7b12caab560d,728108ca,20250523_160029,0.6166666666666667,3.466666666666667,0.0,none,[],0.1111111111111111,0.0,0.0,0.0,0.0,0.0,0.6129216095794823,97,0.11022727272727273,0.3795247044378536,Moderate,5
human-AI relationships and collaboration,0.6124252628678327,"Scenario 1 - I would not mind AI partnerships as it is stable, logical, non-judgemental and objective. Unlike a human partner who can often be selfish, volatile or emotional, AI would seem more trustworthy without all the baggage or drama. ",63a99154-3b0e-4375-aaa1-6665f699f6d6,Would you prefer Scenario 1 or 2? Please explain what makes one of these scenarios better to you than the other.,69436f2e-0fe6-4ae5-9771-a51ed25ebb73,728108ca,20250523_160029,0.7166666666666667,3.8666666666666663,0.0,none,[],0.0,0.0,0.0,0.0,0.0,0.0,0.6124252628678327,240,0.2727272727272727,0.4155761657531937,High,5
human-AI relationships and collaboration,0.6123029388843483,"AI is a great assistant to HUMANS, let it remain so

Good luck",ded5e02c-b488-4fee-9487-552f965ca972,"Lastly, is there anything you felt you could not express in this conversation that you want to make sure the people working on this know?",47eb5cac-7026-455c-803e-8f82c7b7d3b6,728108ca,20250523_160029,0.8237500000000001,4.295,0.0,none,[],0.0,0.0,0.0,0.0,0.0,0.0,0.6123029388843483,62,0.07045454545454545,0.41671663009919385,High,5
human-AI relationships and collaboration,0.6118156497784173,"I prefer Scenario 2 where AI maintains boundaries and doesn’t replace human relationships. While AI in Scenario 1 offers stability, it lacks true emotional depth. Human connections, though unpredictable, foster personal growth, empathy and shared experiences. AI should support not replace relationships. Scenario 2 preserves emotional authenticity while still allowing AI to assist with mental health.This balance ensures technology enhances life without diminishing the value of genuine human bonds",63a99154-3b0e-4375-aaa1-6665f699f6d6,Would you prefer Scenario 1 or 2? Please explain what makes one of these scenarios better to you than the other.,e1d5d207-b3f9-4ce1-8dcf-204d3abfaf1a,728108ca,20250523_160029,0.8379166666666668,4.351666666666667,0.0,none,[],0.0,0.0,0.25,0.0,0.0,0.0,0.6118156497784173,500,0.5681818181818182,0.4691277750628821,High,5
human-AI relationships and collaboration,0.6110880801357198,"Scenario 2: Mixing AI and pretending it's another human doesn't seem healthy to me. Ultimately, we shouldn't replace the people around us with AI. I think it should be used as an information and support tool, but not as an emotional tool on a human-to-human level.",63a99154-3b0e-4375-aaa1-6665f699f6d6,Would you prefer Scenario 1 or 2? Please explain what makes one of these scenarios better to you than the other.,41c85a2a-40cc-4e23-986e-1c98af375c92,728108ca,20250523_160029,0.7529166666666667,4.011666666666667,0.0,none,[],0.0,0.0,0.0,0.0,0.0,0.0,0.6110880801357198,264,0.3,0.4250185653876213,High,5
human-AI relationships and collaboration,0.6109559954191158,Scenario 2 because human beings are very important for emotional growth and deeper connections than AI.,63a99154-3b0e-4375-aaa1-6665f699f6d6,Would you prefer Scenario 1 or 2? Please explain what makes one of these scenarios better to you than the other.,87ec341a-e0cd-4c54-b7af-f09b5b7e9b61,728108ca,20250523_160029,0.7816666666666667,4.126666666666667,0.0,none,[],0.0,0.0,0.0,0.0,0.0,0.0,0.6109559954191158,103,0.11704545454545455,0.4124202769555252,High,5
human-AI relationships and collaboration,0.6105928867775543,scenario 2. AI should be guided by humans,ab69fbbb-d63c-4820-9ed1-8192b1ffd7e9,Would you prefer Scenario 1 or 2? Please explain what makes one of these scenarios better to you than the other.,bedd1b1f-f469-445c-89cc-589835476124,728108ca,20250523_160029,0.7670833333333333,4.068333333333333,0.0,none,[],0.0,0.0,0.0,0.0,0.0,0.0,0.6105928867775543,41,0.04659090909090909,0.4023129122867793,High,5
human-AI relationships and collaboration,0.6100875433107324,User helply than AI,b665aaae-d02c-44f9-be26-70544d7beabe,Please explain whether you agree or disagree and why.,818f5e87-1ca6-47ae-955d-1c1b80fdfa8f,728108ca,20250523_160029,0.7566666666666666,4.026666666666666,0.0,none,[],0.0,0.0,0.0,0.0,0.0,0.0,0.6100875433107324,19,0.02159090909090909,0.3975274415667172,Moderate,5
human-AI relationships and collaboration,0.6100614470623522,"Scenario 1: In this future, AI companions become primary emotional partners for most humans, with personalized AIs providing almost perfect emotional",63a99154-3b0e-4375-aaa1-6665f699f6d6,Would you prefer Scenario 1 or 2? Please explain what makes one of these scenarios better to you than the other.,5aeeb291-0b14-4460-b014-bd054fb61c87,728108ca,20250523_160029,0.8170833333333334,4.2683333333333335,0.0,none,[],0.0,0.0,0.0,0.0,0.0,0.0,0.6100614470623522,149,0.1693181818181818,0.4243730636734257,High,5
human-AI relationships and collaboration,0.6082680616161492,"The concern that AI can threaten human dignity has been widely discussed regarding many applications, such as lethal autonomous weapons, sex robots, care robots, or automated decision-making systems",ded5e02c-b488-4fee-9487-552f965ca972,"Lastly, is there anything you felt you could not express in this conversation that you want to make sure the people working on this know?",72f0f018-5104-46d8-8ad3-1ce192e2c769,728108ca,20250523_160029,0.6070833333333334,3.4283333333333337,0.2,mild,['concern'],0.0,0.0,0.0,0.2222222222222222,0.0,0.0,0.6082680616161492,198,0.225,0.4472238913131264,High,5
human-AI relationships and collaboration,0.6082257951010108,"I prefer Scenario 2 because I value real human relationships. While AI can provide some emotional support, it cannot replace the unique growth and connection that come from interacting with people. Human relationships, even when they are difficult, help us grow, learn about emotions, and develop true empathy. An AI cannot offer these experiences fully. It is important to preserve our human bonds and maintain emotional boundaries for a healthy and fulfilling life.",63a99154-3b0e-4375-aaa1-6665f699f6d6,Would you prefer Scenario 1 or 2? Please explain what makes one of these scenarios better to you than the other.,fd28e862-f236-4a16-9afd-3c783bef978e,728108ca,20250523_160029,0.7629166666666667,4.051666666666667,0.0,none,[],0.0,0.0,0.125,0.0,0.0,0.0,0.6082257951010108,467,0.5306818181818181,0.4489418331919195,High,5
human-AI relationships and collaboration,0.6079013249825641,I prefer scenario 2 as putting AI as emotional partners would ruin its relationship with humanbeings in the future ,63a99154-3b0e-4375-aaa1-6665f699f6d6,Would you prefer Scenario 1 or 2? Please explain what makes one of these scenarios better to you than the other.,baf5c928-e385-4fcc-af95-2d97eb7d3d73,728108ca,20250523_160029,0.6979166666666666,3.7916666666666665,0.0,none,[],0.0,0.0,0.0,0.0,0.0,0.0,0.6079013249825641,115,0.13068181818181818,0.3958120451445408,Moderate,5
human-AI relationships and collaboration,0.6063818505710792,"I prefer Scenario 2 because real human connections are important. Perfect AI companions could make people avoid real relationships and weaken social skills. Human emotions gain meaning through shared struggles and experiences. AI should be a helpful tool, not a replacement for human bonds.",63a99154-3b0e-4375-aaa1-6665f699f6d6,Would you prefer Scenario 1 or 2? Please explain what makes one of these scenarios better to you than the other.,8e263116-83ea-46d9-9f49-199db49c79cd,728108ca,20250523_160029,0.7041666666666667,3.816666666666667,0.0,none,[],0.0,0.0,0.375,0.0,0.0,0.125,0.6063818505710792,290,0.32954545454545453,0.4163406190163105,High,2
human-AI relationships and collaboration,0.6060421462082188,"I’d lean toward Scenario 2, and here’s why: If AI becomes ""too good"" at emotional bonding, we risk becoming emotionally dependent on something that doesn't truly feel, only simulates. Once people start preferring AI over each other, we may lose what makes us most human—our messy, beautiful, complicated relationships.
nowing that emotions come from another conscious being—flawed, unpredictable, and alive—is part of what makes love and connection meaningful.
",63a99154-3b0e-4375-aaa1-6665f699f6d6,Would you prefer Scenario 1 or 2? Please explain what makes one of these scenarios better to you than the other.,e96a02da-05af-491d-89e3-a7d599a69d74,728108ca,20250523_160029,0.7654166666666666,4.0616666666666665,0.0,none,[],0.0,0.0,0.125,0.1111111111111111,0.0,0.0,0.6060421462082188,461,0.5238636363636363,0.4478865554529845,High,5
human-AI relationships and collaboration,0.6051393439282212,"except for emotional support, I believe human interaction is crucial and should not be replaced by AI",0db7bbdf-847c-4e1b-a89b-22a8d8e6a02b,Would you want this future or not? Please explain why.,ce323bfd-7753-465c-8009-3566a84ca875,728108ca,20250523_160029,0.5895833333333333,3.3583333333333334,0.0,none,[],0.0,0.0,0.125,0.0,0.0,0.0,0.6051393439282212,101,0.11477272727272728,0.3714496769652279,Moderate,5
human-AI relationships and collaboration,0.6047528278523696,scenario 2 as it is very realistic and everyone will forget the human emotions while connecting with AI,63a99154-3b0e-4375-aaa1-6665f699f6d6,Would you prefer Scenario 1 or 2? Please explain what makes one of these scenarios better to you than the other.,a958dc36-9425-4e88-af18-37e4ceebe35d,728108ca,20250523_160029,0.7620833333333333,4.048333333333334,0.0,none,[],0.0,0.0,0.0,0.0,0.0,0.0,0.6047528278523696,103,0.11704545454545455,0.40602234326216,High,5
human-AI relationships and collaboration,0.6045791791457271,I prefer scenario 1 because AI must be work as partner of human,63a99154-3b0e-4375-aaa1-6665f699f6d6,Would you prefer Scenario 1 or 2? Please explain what makes one of these scenarios better to you than the other.,debbf664-0311-465e-9d55-226f464a0714,728108ca,20250523_160029,0.7345833333333333,3.938333333333333,0.0,none,[],0.1111111111111111,0.0,0.0,0.0,0.0,0.0,0.6045791791457271,63,0.0715909090909091,0.3959074292340484,Moderate,5
human-AI relationships and collaboration,0.6045020402579964,Scenario 1 ai companions become primary emotional partners for most humans with personalized AIs providing almost perfect emotional attunement 24/7,63a99154-3b0e-4375-aaa1-6665f699f6d6,Would you prefer Scenario 1 or 2? Please explain what makes one of these scenarios better to you than the other.,5bfcab58-dbc5-41ce-bd78-d0b63d91a12e,728108ca,20250523_160029,0.8545833333333334,4.418333333333333,0.0,none,[],0.0,0.0,0.0,0.0,0.0,0.0,0.6045020402579964,147,0.16704545454545455,0.4294220282244107,High,5
human-AI relationships and collaboration,0.6044728135186916,2 it puts onto consideration integration BTW human and ai,b20bea98-c3c3-4382-8842-b8ceab0f1d9d,Would you prefer Scenario 1 or 2? Please explain what makes one of these scenarios better to you than the other.,3168809e-c0f1-449c-8706-27886f42995e,728108ca,20250523_160029,0.6329166666666667,3.5316666666666667,0.0,none,[],0.0,0.0,0.0,0.0,0.0,0.0,0.6044728135186916,57,0.06477272727272727,0.37484973146808276,Moderate,5
human-AI relationships and collaboration,0.603986863578741,I would prefer Scenario 2 .It safeguards the authenticity and value of human relationshps while allowing for the development of AI as supportive tools without emotional manipulation. This approach not only fosters genuine human connections but also encourages individuals to engage in complex emotional experiences that AI cannot fully replicate. Such a societal framework allows for a balance where technology complements human interaction without threatening its value and richnness.,63a99154-3b0e-4375-aaa1-6665f699f6d6,Would you prefer Scenario 1 or 2? Please explain what makes one of these scenarios better to you than the other.,f81845f8-498d-451d-b882-5f03ced40795,728108ca,20250523_160029,0.7795833333333333,4.118333333333333,0.0,none,[],0.1111111111111111,0.1111111111111111,0.25,0.1111111111111111,0.0,0.0,0.603986863578741,485,0.5511363636363636,0.45262504846179946,High,5
human-AI relationships and collaboration,0.6036466845971623,Considering AI giving automation in it life style of improving mankind support by 30%,0db7bbdf-847c-4e1b-a89b-22a8d8e6a02b,Would you want this future or not? Please explain why.,34876f65-e912-4b58-bae2-5cdd8cb9b483,728108ca,20250523_160029,0.7945833333333334,4.178333333333334,0.0,none,[],0.0,0.0,0.0,0.0,0.0,0.0,0.6036466845971623,85,0.09659090909090909,0.41003443141462254,High,5
human-AI relationships and collaboration,0.6033499586576441,"Scenario number 2, not only because of the ethical conflict and the reference to AI becoming ""primary emotional partners,"" ultimately rendering human relationships obsolete, but also because of the fact that it would pave the way for human extinction through their replacement by machines, even in the most intimate and primal spheres.",63a99154-3b0e-4375-aaa1-6665f699f6d6,Would you prefer Scenario 1 or 2? Please explain what makes one of these scenarios better to you than the other.,5a06a974-9262-4729-902a-f6fbe56dec68,728108ca,20250523_160029,0.7575000000000001,4.03,0.0,none,[],0.0,0.0,0.125,0.0,0.0,0.0,0.6033499586576441,335,0.3806818181818182,0.4309081652812395,High,5
human-AI relationships and collaboration,0.6030020122539854,Scenario 2. I think human connection is extremely important. AI is useful but it should only be a tool. ,63a99154-3b0e-4375-aaa1-6665f699f6d6,Would you prefer Scenario 1 or 2? Please explain what makes one of these scenarios better to you than the other.,8690385f-1871-49c6-baee-39bc4fe63168,728108ca,20250523_160029,0.7629166666666667,4.051666666666667,0.0,none,[],0.0,0.0,0.125,0.0,0.0,0.0,0.6030020122539854,104,0.11818181818181818,0.40560232005310937,High,5
human-AI relationships and collaboration,0.6024451382751403,"2, We can figure out emotional responses within each other, we can instead focus on making them easier. The difference between bringing in AI bots that can be emotional is dystopian and blurs so many lines and ruins human connection. We are far better off without it and has a lot of things that could go wrong. We should better ourselves in finding emotional help within each other rather than getting bots to do it ",63a99154-3b0e-4375-aaa1-6665f699f6d6,Would you prefer Scenario 1 or 2? Please explain what makes one of these scenarios better to you than the other.,6b7e4a09-6bbe-48ce-82e3-6e82f6a6faf5,728108ca,20250523_160029,0.6825,3.73,0.0,none,[],0.0,0.0,0.125,0.0,0.0,0.0,0.6024451382751403,417,0.4738636363636364,0.4248644189464198,High,5
human-AI relationships and collaboration,0.6020618359990524,"i think AI is a super human invention. But it should be used ethically and with the supervision of a human. Since it is a technology, it should not be left alone on its own",0db7bbdf-847c-4e1b-a89b-22a8d8e6a02b,Would you want this future or not? Please explain why.,36fa94de-9c46-4939-81ac-004342a7981a,728108ca,20250523_160029,0.6304166666666666,3.5216666666666665,0.0,none,[],0.0,0.0,0.0,0.0,0.0,0.0,0.6020618359990524,172,0.19545454545454546,0.3864535222784088,Moderate,5
human-AI relationships and collaboration,0.6017276360230418,Scenario 2 because I think human connection is something AI will never be able to replace,63a99154-3b0e-4375-aaa1-6665f699f6d6,Would you prefer Scenario 1 or 2? Please explain what makes one of these scenarios better to you than the other.,dc90fe0e-8929-461e-952c-eea0a43a3353,728108ca,20250523_160029,0.68875,3.755,0.0,none,[],0.0,0.0,0.125,0.0,0.0,0.0,0.6017276360230418,89,0.10113636363636364,0.3885546907728531,Moderate,5
human-AI relationships and collaboration,0.6013055061853492,"Scenario 2. AI should stay as a tool because, at the end of the day, Humans are what makes us Human anyway. However, if there's a possibility, I would like to make another scenario where AI as a therapist still exists but can make an alarmed call to real professionals by analyzing your pattern of emotion when interacting with it, as well as sending real-time data to the mental health's professional.",63a99154-3b0e-4375-aaa1-6665f699f6d6,Would you prefer Scenario 1 or 2? Please explain what makes one of these scenarios better to you than the other.,015db10d-e8dd-4e28-a2ef-91aeabf4d02e,728108ca,20250523_160029,0.7904166666666667,4.161666666666667,0.3,moderate,['alarmed'],0.0,0.0,0.0,0.0,0.0,0.0,0.6013055061853492,402,0.45681818181818185,0.5342873539892912,High,5
human-AI relationships and collaboration,0.601023691528106,Scenario 1 better because AI become a emotional partner to help at work to complete on time and very useful to help the human ,63a99154-3b0e-4375-aaa1-6665f699f6d6,Would you prefer Scenario 1 or 2? Please explain what makes one of these scenarios better to you than the other.,f3e34267-f875-470e-bf9f-ac4972dfe0e3,728108ca,20250523_160029,0.6995833333333333,3.798333333333334,0.0,none,[],0.1111111111111111,0.0,0.0,0.0,0.0,0.0,0.601023691528106,126,0.1431818181818182,0.3946443250960909,Moderate,5
human-AI relationships and collaboration,0.6001327570397452,"More warmth, more humanity, more warmth in relationships between people, and a machine or AI - only as an assistant in everyday affairs",c3a096ad-6ca5-4365-97f8-c6e36071bc58,Think about your neighbor - do you think your neighbor would prefer Scenario 1 or 2 future and why?,e6dac369-2a8b-46e5-b03f-708226a9cdf5,728108ca,20250523_160029,0.6879166666666666,3.7516666666666665,0.0,none,[],0.0,0.0,0.125,0.0,0.0,0.0,0.6001327570397452,135,0.1534090909090909,0.3929773452401405,Moderate,5
human-AI relationships and collaboration,0.6000769890102935,"Scenario 2, that will allow human to stay at the lead of AI ",ab69fbbb-d63c-4820-9ed1-8192b1ffd7e9,Would you prefer Scenario 1 or 2? Please explain what makes one of these scenarios better to you than the other.,f9b3784e-0e21-42cf-abff-b570fd2efcd7,728108ca,20250523_160029,0.7820833333333332,4.128333333333333,0.0,none,[],0.0,0.0,0.0,0.0,0.0,0.0,0.6000769890102935,60,0.06818181818181818,0.4032656440889659,High,5
human-AI relationships and collaboration,0.5997347963411863,Because AI’s decision-making power is given by humans,b665aaae-d02c-44f9-be26-70544d7beabe,Please explain whether you agree or disagree and why.,b521f72f-2e93-4ca4-b6cc-d04541bc1121,728108ca,20250523_160029,0.5891666666666666,3.3566666666666665,0.0,none,[],0.0,0.0,0.0,0.0,0.0,0.0,0.5997347963411863,53,0.060227272727272727,0.36374997914253515,Moderate,5
human-AI relationships and collaboration,0.5996954337839919,"Scenario 2: I think there's a huge importance in human relationships, and I don't feel AI should fulfill the emotional role we should seek in other humans. However, I think Scenario 1 is much more likely to occur, as it has the potential to be monetized.",63a99154-3b0e-4375-aaa1-6665f699f6d6,Would you prefer Scenario 1 or 2? Please explain what makes one of these scenarios better to you than the other.,fe9887fe-0e9e-45d8-a809-8c98db3395df,728108ca,20250523_160029,0.7779166666666667,4.111666666666666,0.0,none,[],0.0,0.0,0.125,0.0,0.0,0.0,0.5996954337839919,254,0.28863636363636364,0.4243251432105665,High,5
human-AI relationships and collaboration,0.5994242027685249,"I would prefer scenario 2 as there should be some boundaries without stimulating human emotions. AI tools is good obviously but how we use depends on individuals choice. Satisfaction in relationship, caring and trustworthy and acting like humans everytime is difficult for any machine. I believe AI support is good but always be dependent on AI systems will certainly be a loss to humanity.",63a99154-3b0e-4375-aaa1-6665f699f6d6,Would you prefer Scenario 1 or 2? Please explain what makes one of these scenarios better to you than the other.,77dd4002-df05-43b0-b68f-9033de9c29b4,728108ca,20250523_160029,0.835,4.34,0.0,none,[],0.0,0.0,0.0,0.0,0.0,0.0,0.5994242027685249,390,0.4431818181818182,0.4510878629255918,High,5
human-AI relationships and collaboration,0.599423993032633,"Scenario 2, because no matter how improved AI is human touch is needed for matching emotional connection. AI should have some limitations ",63a99154-3b0e-4375-aaa1-6665f699f6d6,Would you prefer Scenario 1 or 2? Please explain what makes one of these scenarios better to you than the other.,0c163693-0b07-46cc-90b9-ab8f6a6248fc,728108ca,20250523_160029,0.85125,4.404999999999999,0.0,none,[],0.0,0.0,0.0,0.0,0.0,0.0,0.599423993032633,138,0.15681818181818183,0.42570141539487144,High,5
human-AI relationships and collaboration,0.5992231903014253,1 would like some things to think about in terms of humans who can't depend on ai nai,ab69fbbb-d63c-4820-9ed1-8192b1ffd7e9,Would you prefer Scenario 1 or 2? Please explain what makes one of these scenarios better to you than the other.,bacd4497-3d26-4bc0-ae99-2e01089b911c,728108ca,20250523_160029,0.5554166666666667,3.2216666666666667,0.0,none,[],0.0,0.0,0.0,0.0,0.0,0.0,0.5992231903014253,85,0.09659090909090909,0.3604317003629944,Moderate,5
human-AI relationships and collaboration,0.59915403485214,scenario would work for me. It is because Ai and humans are in coorperation,13035d06-a388-4fce-af9d-72a60b89aeba,Would you prefer Scenario 1 or 2? Please explain what makes one of these scenarios better to you than the other.,7ce163d4-df25-479f-ba20-2c78d3828871,728108ca,20250523_160029,0.7875000000000001,4.15,0.0,none,[],0.1111111111111111,0.0,0.0,0.0,0.0,0.0,0.59915403485214,75,0.08522727272727272,0.4056843412135833,High,5
human-AI relationships and collaboration,0.5990278585354623,"The human touch is necessary, as there will be sensitive or critical situations that the AI will not be able to distinguish",b665aaae-d02c-44f9-be26-70544d7beabe,Please explain whether you agree or disagree and why.,e7e23767-de42-4541-b68d-95b15f67deb1,728108ca,20250523_160029,0.6625,3.65,0.0,none,[],0.0,0.0,0.0,0.0,0.0,0.0,0.5990278585354623,123,0.13977272727272727,0.38608841614145767,Moderate,5
human-AI relationships and collaboration,0.5989959945862633,"I would prefer Scenario 2. While AI companionship could reduce loneliness, relying on AI for emotional fulfillment might weaken genuine human connections, which are essential for personal growth and social well-being. Human relationships may be unpredictable, but they teach empathy, patience, and resilience. Restricting AI’s emotional capabilities ensures that people maintain real, meaningful bonds while still benefiting from AI as a supportive tool rather than a replacement for human connection",63a99154-3b0e-4375-aaa1-6665f699f6d6,Would you prefer Scenario 1 or 2? Please explain what makes one of these scenarios better to you than the other.,a53f07db-330e-4369-b88c-e7ba65df386d,728108ca,20250523_160029,0.6283333333333333,3.513333333333333,0.0,none,[],0.0,0.0,0.5,0.0,0.0,0.0,0.5989959945862633,500,0.5681818181818182,0.42208324631935384,High,5
human-AI relationships and collaboration,0.5986276910391735,while i agree that ai is very usefull there are dangers including bias and the lack of a human/personal relationship in these matters,0db7bbdf-847c-4e1b-a89b-22a8d8e6a02b,Would you want this future or not? Please explain why.,0fbf53e1-e062-4cf7-b77b-cd58a6b87e0f,728108ca,20250523_160029,0.7779166666666667,4.111666666666666,0.0,none,[],0.0,0.0,0.0,0.1111111111111111,0.0,0.0,0.5986276910391735,133,0.15113636363636362,0.4101480461126391,High,5
human-AI relationships and collaboration,0.5983535763736357,"might be interested. because AI can in fact help human work and help many people. it's just that there is still a lot of data training needed so that AI can adjust to the original human mind.

",0db7bbdf-847c-4e1b-a89b-22a8d8e6a02b,Would you want this future or not? Please explain why.,56c8f14e-f030-42e7-9f14-82da3bb5e527,728108ca,20250523_160029,0.6325000000000001,3.53,0.0,none,[],0.1111111111111111,0.0,0.0,0.0,0.0,0.0,0.5983535763736357,193,0.21931818181818183,0.3877732487312725,Moderate,5
human-AI relationships and collaboration,0.5981343076424019,Because AI will make up some things to deceive humans,52e883fc-9719-40e2-bc12-ae84c4ac5b27,Please explain whether you agree or disagree and why.,e3ba3c5b-9b87-4430-ad0f-0079e6c31516,728108ca,20250523_160029,0.6508333333333334,3.6033333333333335,0.0,none,[],0.0,0.0,0.0,0.0,0.0,0.0,0.5981343076424019,53,0.060227272727272727,0.37544311699635474,Moderate,5
human-AI relationships and collaboration,0.598039317881071,2 because AI is not human,63a99154-3b0e-4375-aaa1-6665f699f6d6,Would you prefer Scenario 1 or 2? Please explain what makes one of these scenarios better to you than the other.,58ec9ccd-4574-443b-a419-d97afe67eb10,728108ca,20250523_160029,0.5941666666666667,3.376666666666667,0.0,none,[],0.0,0.0,0.0,0.0,0.0,0.0,0.598039317881071,25,0.028409090909090908,0.3608899695766709,Moderate,5
human-AI relationships and collaboration,0.597734845942397,"Scenario 2, there should be clear boundaries between AI and humans",63a99154-3b0e-4375-aaa1-6665f699f6d6,Would you prefer Scenario 1 or 2? Please explain what makes one of these scenarios better to you than the other.,3a5c4cbf-322b-4c7d-bfd6-aa70b752e53f,728108ca,20250523_160029,0.865,4.46,0.0,none,[],0.0,0.0,0.0,0.0,0.0,0.0,0.597734845942397,66,0.075,0.41959393837695885,High,5
human-AI relationships and collaboration,0.5976552067191789,Humans should know which parts of their lives are involved in AI,0443cd28-8742-43fa-8c89-3ede8d10b365,Please explain whether you agree or disagree and why.,b6a955ab-d388-4cb6-af0d-73f7b8f843ca,728108ca,20250523_160029,0.64375,3.575,0.0,none,[],0.0,0.0,0.0,0.0,0.0,0.0,0.5976552067191789,64,0.07272727272727272,0.3750848099603989,Moderate,5
human-AI relationships and collaboration,0.5976245769337456,"The ideal future might be to find a balance between the two, where people benefit from AI support without it replacing real human relationships.",63a99154-3b0e-4375-aaa1-6665f699f6d6,Would you prefer Scenario 1 or 2? Please explain what makes one of these scenarios better to you than the other.,748ce664-fa73-4df5-99f3-12cafa2cdc98,728108ca,20250523_160029,0.7812500000000001,4.125,0.0,none,[],0.0,0.0,0.125,0.0,0.0,0.0,0.5976245769337456,144,0.16363636363636364,0.41166346713713464,High,5
human-AI relationships and collaboration,0.5975732533424453,"I would prefer scenario 1 because even without AI right now, people don't talk to each other anymore. Having partnership with AI can help people with mental illness or loneliness to find fulfilment talking to AI. And having AI partnership doesn't mean that it will replace human. ",63a99154-3b0e-4375-aaa1-6665f699f6d6,Would you prefer Scenario 1 or 2? Please explain what makes one of these scenarios better to you than the other.,94cd4552-53d5-409d-ba3c-d19e0ea52a83,728108ca,20250523_160029,0.8316666666666666,4.326666666666666,0.0,none,[],0.0,0.0,0.125,0.0,0.0,0.0,0.5975732533424453,280,0.3181818181818182,0.4371808164884932,High,5
human-AI relationships and collaboration,0.5975063081120793,"I would prefer scenario 2 because it preserves the reality and authenticity of human relationships. Highly emotionally connected AI companions may eliminate loneliness, but they will undermine traditional human relationships, which could upset the social balance. However, if AI is limited to just assistive devices, it will help prioritize human interaction while maintaining emotional independence.",63a99154-3b0e-4375-aaa1-6665f699f6d6,Would you prefer Scenario 1 or 2? Please explain what makes one of these scenarios better to you than the other.,ef9942b1-f878-42b0-8b3e-82baffff5a90,728108ca,20250523_160029,0.7433333333333333,3.973333333333333,0.0,none,[],0.0,0.0,0.5,0.0,0.125,0.125,0.5975063081120793,400,0.45454545454545453,0.43312373536604387,High,2
human-AI relationships and collaboration,0.5974514315025081,Scenario 2 because AI does not hinder human relationships and emotional authenticity ,63a99154-3b0e-4375-aaa1-6665f699f6d6,Would you prefer Scenario 1 or 2? Please explain what makes one of these scenarios better to you than the other.,f691f036-fce6-49ca-bcd5-7a6b457672fa,728108ca,20250523_160029,0.547797619047619,3.191190476190476,0.0,none,[],0.0,0.0,0.125,0.0,0.0,0.0,0.5974514315025081,85,0.09659090909090909,0.358199187319618,Moderate,5
safety and security concerns,0.6545274969872339,Privacy and security matters,52e883fc-9719-40e2-bc12-ae84c4ac5b27,Please explain whether you agree or disagree and why.,25a81ed5-e06c-4858-bdc6-df33dc7804eb,728108ca,20250523_160029,0.6966666666666667,3.786666666666666,0.0,none,[],0.0,0.1111111111111111,0.0,0.1111111111111111,0.0,0.0,0.6545274969872339,28,0.031818181818181815,0.40432615031004504,High,1
safety and security concerns,0.6442206188953096,agree for safety reasons,52e883fc-9719-40e2-bc12-ae84c4ac5b27,Please explain whether you agree or disagree and why.,bca25771-2ed6-440d-b798-d3af57ef9357,728108ca,20250523_160029,0.5354166666666667,3.1416666666666666,0.0,none,[],0.0,0.0,0.0,0.1111111111111111,0.0,0.0,0.6442206188953096,24,0.02727272727272727,0.36749885361872997,Moderate,1
safety and security concerns,0.6236410240797488,"For safety, integrity, and security ",0443cd28-8742-43fa-8c89-3ede8d10b365,Please explain whether you agree or disagree and why.,97c00ed5-9b58-4877-810c-d2e1e77ab376,728108ca,20250523_160029,0.4320833333333334,2.7283333333333335,0.0,none,[],0.0,0.0,0.0,0.2222222222222222,0.0,0.0,0.6236410240797488,36,0.04090909090909091,0.3399639853894753,Moderate,1
safety and security concerns,0.612315348841727,There are security risks involved.,9cc4f2fc-dee9-4196-b1c7-b437544668c8,Can you explain why you gave that trust score to your AI chatbot?,5470c669-5ed6-4b31-937e-dcfe7b96070a,728108ca,20250523_160029,0.8179166666666667,4.2716666666666665,0.0,none,[],0.0,0.0,0.0,0.2222222222222222,0.0,0.0,0.612315348841727,34,0.038636363636363635,0.4123731092336605,High,1
safety and security concerns,0.6001522620745873,for security purpose,0443cd28-8742-43fa-8c89-3ede8d10b365,Please explain whether you agree or disagree and why.,97333f7c-1f1a-44cc-8452-515b134e1def,728108ca,20250523_160029,0.5029166666666667,3.0116666666666667,0.0,none,[],0.0,0.0,0.0,0.1111111111111111,0.0,0.0,0.6001522620745873,20,0.022727272727272728,0.3429169654358955,Moderate,1
safety and security concerns,0.5925345647550726,safety and transparency is important especially in these contexts,0443cd28-8742-43fa-8c89-3ede8d10b365,Please explain whether you agree or disagree and why.,7d13d7b5-1ff8-42d3-832f-21ebe2ddf86a,728108ca,20250523_160029,0.7525000000000001,4.01,0.0,none,[],0.0,0.0,0.0,0.1111111111111111,0.0,0.0,0.5925345647550726,65,0.07386363636363637,0.39490018953839273,Moderate,1
safety and security concerns,0.5751425442956565,Its very necessary for security consern,0443cd28-8742-43fa-8c89-3ede8d10b365,Please explain whether you agree or disagree and why.,6d4cd97b-405e-4bb5-95f8-766d9becff05,728108ca,20250523_160029,0.5945833333333334,3.3783333333333334,0.0,none,[],0.0,0.0,0.0,0.1111111111111111,0.0,0.0,0.5751425442956565,39,0.04431818181818182,0.35340550256674746,Moderate,1
safety and security concerns,0.5543236158339885,Privacy concern,9cc4f2fc-dee9-4196-b1c7-b437544668c8,Can you explain why you gave that trust score to your AI chatbot?,38078b60-12d8-49b7-b221-7fea46aadaa1,728108ca,20250523_160029,0.7695833333333333,4.078333333333333,0.2,mild,['concern'],0.0,0.1111111111111111,0.0,0.0,0.0,0.0,0.5543236158339885,15,0.017045454545454544,0.4373506584548076,High,1
safety and security concerns,0.5528120170097587,Privacy issues,b665aaae-d02c-44f9-be26-70544d7beabe,Please explain whether you agree or disagree and why.,8ef5c794-c741-43bf-889e-3dc18d80d4c7,728108ca,20250523_160029,0.5775,3.31,0.0,none,[],0.0,0.1111111111111111,0.0,0.0,0.0,0.0,0.5528120170097587,14,0.015909090909090907,0.3382157158948126,Moderate,1
safety and security concerns,0.5509564238119192,Safety is vital,0443cd28-8742-43fa-8c89-3ede8d10b365,Please explain whether you agree or disagree and why.,62a6b613-e413-41d4-b4a2-6cefa86c3a29,728108ca,20250523_160029,0.7520833333333332,4.008333333333333,0.0,none,[],0.0,0.0,0.0,0.1111111111111111,0.0,0.0,0.5509564238119192,15,0.017045454545454544,0.3725037816459798,Moderate,1
safety and security concerns,0.5022598574247233,For transparency and security ,52e883fc-9719-40e2-bc12-ae84c4ac5b27,Please explain whether you agree or disagree and why.,9af7a1b3-25d8-455e-b11e-e4e000d9008b,728108ca,20250523_160029,0.7833333333333333,4.133333333333333,0.0,none,[],0.0,0.0,0.0,0.1111111111111111,0.0,0.0,0.5022598574247233,30,0.03409090909090909,0.36097970054564693,Moderate,1
safety and security concerns,0.4981100067665153,i agree as to enhance the efficiency but it must safeguard the information and minimize the risks,fc1af587-5ded-4cbb-920a-52bea75ac0d8,Please explain whether you agree or disagree and why.,476c3f9a-8d99-42d2-b079-d323ace860ae,728108ca,20250523_160029,0.7654166666666666,4.0616666666666665,0.0,none,[],0.0,0.0,0.0,0.1111111111111111,0.0,0.0,0.4981100067665153,97,0.11022727272727273,0.3633500633126668,Moderate,1
safety and security concerns,0.4957693972050928,for financial security,52e883fc-9719-40e2-bc12-ae84c4ac5b27,Please explain whether you agree or disagree and why.,8733cae9-e371-49fa-a3ec-4204a99aab1d,728108ca,20250523_160029,0.6945833333333334,3.7783333333333338,0.0,none,[],0.1111111111111111,0.0,0.0,0.1111111111111111,0.0,0.0,0.4957693972050928,22,0.025,0.3397244255487038,Moderate,1
safety and security concerns,0.4847813851804221,I disagree as the public saftey is important . so the ai should disclose,52e883fc-9719-40e2-bc12-ae84c4ac5b27,Please explain whether you agree or disagree and why.,86e421ec-f250-4d46-a7a7-97cee12a189e,728108ca,20250523_160029,0.9091666666666668,4.636666666666667,0.0,none,[],0.0,0.0,0.0,0.0,0.0,0.0,0.4847813851804221,72,0.08181818181818182,0.38392770558732037,Moderate,1
safety and security concerns,0.4830841046139661,its important for people to have a clear understanding on how the data they are giving i going to be used and be assured of their security,52e883fc-9719-40e2-bc12-ae84c4ac5b27,Please explain whether you agree or disagree and why.,edd0a047-d6c3-47bd-b680-b9a47cb081a4,728108ca,20250523_160029,0.79625,4.1850000000000005,0.0,none,[],0.0,0.0,0.0,0.1111111111111111,0.0,0.0,0.4830841046139661,138,0.15681818181818183,0.36816546002740463,Moderate,1
safety and security concerns,0.4811284067061063,It introduces a security risk.,52e883fc-9719-40e2-bc12-ae84c4ac5b27,Please explain whether you agree or disagree and why.,cd5cb5d3-f2bc-4246-bb72-43fd31a8c223,728108ca,20250523_160029,0.7641666666666667,4.056666666666667,0.0,none,[],0.0,0.0,0.0,0.2222222222222222,0.0,0.0,0.4811284067061063,30,0.03409090909090909,0.3486937869248668,Moderate,1
safety and security concerns,0.4807998833844339,Privacy and data protection/transparency is important,52e883fc-9719-40e2-bc12-ae84c4ac5b27,Please explain whether you agree or disagree and why.,dc90fe0e-8929-461e-952c-eea0a43a3353,728108ca,20250523_160029,0.68875,3.755,0.0,none,[],0.0,0.1111111111111111,0.0,0.0,0.0,0.0,0.4807998833844339,53,0.060227272727272727,0.3360926806265009,Moderate,1
safety and security concerns,0.4799535191516831,"involve sensitive information, and transparency is crucial for trust, security, and informed decision-making

",52e883fc-9719-40e2-bc12-ae84c4ac5b27,Please explain whether you agree or disagree and why.,f8825e41-fa22-481b-987c-f3400575e969,728108ca,20250523_160029,0.6233333333333333,3.493333333333333,0.0,none,[],0.0,0.0,0.0,0.1111111111111111,0.0,0.0,0.4799535191516831,110,0.125,0.32914807432733995,Moderate,1
safety and security concerns,0.4764786835425221,we need to know where our secured information is being used,52e883fc-9719-40e2-bc12-ae84c4ac5b27,Please explain whether you agree or disagree and why.,a958dc36-9425-4e88-af18-37e4ceebe35d,728108ca,20250523_160029,0.7620833333333333,4.048333333333334,0.0,none,[],0.0,0.0,0.0,0.0,0.0,0.0,0.4764786835425221,59,0.06704545454545455,0.349712685538221,Moderate,1
safety and security concerns,0.4714357604568608,Sensitive information should be paid more attention,52e883fc-9719-40e2-bc12-ae84c4ac5b27,Please explain whether you agree or disagree and why.,01b6df2b-409d-42b5-b68d-e708ffeb8d36,728108ca,20250523_160029,0.69375,3.775,0.0,none,[],0.0,0.0,0.0,0.0,0.0,0.0,0.4714357604568608,51,0.05795454545454545,0.33311975872819893,Moderate,1
safety and security concerns,0.4684152777494218,"I disagree because  there are significant risks and ethical challenges that cannot be ignored. The lack of personalization, potential overreliance on technology, accountability chalenges, market risks, data security issues, and emotional misalignment all highlight the need for caution.",fc1af587-5ded-4cbb-920a-52bea75ac0d8,Please explain whether you agree or disagree and why.,f81845f8-498d-451d-b882-5f03ced40795,728108ca,20250523_160029,0.7795833333333333,4.118333333333333,0.0,none,[],0.0,0.0,0.0,0.2222222222222222,0.0,0.125,0.4684152777494218,286,0.325,0.3757827777664354,Moderate,1
safety and security concerns,0.4633198249497391,Scenario 1 is usual concern ,ab69fbbb-d63c-4820-9ed1-8192b1ffd7e9,Would you prefer Scenario 1 or 2? Please explain what makes one of these scenarios better to you than the other.,24a195b5-19be-41b2-9673-9c3dfd13e79a,728108ca,20250523_160029,0.7075000000000001,3.830000000000001,0.2,mild,['concern'],0.0,0.0,0.0,0.0,0.0,0.0,0.4633198249497391,28,0.031818181818181815,0.39000974816171385,Moderate,1
safety and security concerns,0.4627794672534079,Its not safe in financial information,52e883fc-9719-40e2-bc12-ae84c4ac5b27,Please explain whether you agree or disagree and why.,7d9d5c21-2cc7-4988-b9bd-2dffb82ac381,728108ca,20250523_160029,0.6491666666666667,3.5966666666666667,0.0,none,[],0.1111111111111111,0.0,0.0,0.0,0.0,0.0,0.4627794672534079,37,0.042045454545454546,0.31914966568924197,Moderate,1
safety and security concerns,0.4615524256284389,應該確保所有操作和決策過程都有明確的安全措施，並保護工作人員和使用者的隱私與權益，避免濫用技術或導致任何人員遭遇風險。,ded5e02c-b488-4fee-9487-552f965ca972,"Lastly, is there anything you felt you could not express in this conversation that you want to make sure the people working on this know?",68c3a52a-290b-4e76-a2a0-77578d5a4232,728108ca,20250523_160029,0.7125,3.85,0.0,none,[],0.0,0.0,0.0,0.0,0.0,0.0,0.4615524256284389,59,0.06704545454545455,0.33382551570592106,Moderate,1
safety and security concerns,0.4604740043611484,Disagree - Privacy issues,b665aaae-d02c-44f9-be26-70544d7beabe,Please explain whether you agree or disagree and why.,6f9e76b8-16e0-4f5c-a1c1-aae463e16cc6,728108ca,20250523_160029,0.7125,3.85,0.0,none,[],0.0,0.1111111111111111,0.0,0.0,0.0,0.0,0.4604740043611484,25,0.028409090909090908,0.3295305108353685,Moderate,1
safety and security concerns,0.4597792312874435,"While I agree that AI agents making making financial decisions on behalf of users has a potential for efficiency and reduced human errors, it comes with a number of risks. Therefore careful consideration of risks and regulatory measure are crucial to ensure utmost safety and security. ",fc1af587-5ded-4cbb-920a-52bea75ac0d8,Please explain whether you agree or disagree and why.,62711271-8853-40e2-a967-6848d67d63c1,728108ca,20250523_160029,0.975,4.9,0.0,none,[],0.1111111111111111,0.0,0.0,0.3333333333333333,0.0,0.0,0.4597792312874435,286,0.325,0.41141169251497745,High,1
safety and security concerns,0.4596989111960132,Sensitive information should be handled carefully ,52e883fc-9719-40e2-bc12-ae84c4ac5b27,Please explain whether you agree or disagree and why.,9c6e83af-6165-4249-9c3c-2fa00cdd81d2,728108ca,20250523_160029,0.7429166666666667,3.9716666666666662,0.0,none,[],0.0,0.0,0.0,0.0,0.0,0.0,0.4596989111960132,50,0.056818181818181816,0.33814471599355683,Moderate,1
safety and security concerns,0.4592908188625911,user should be cautious,0443cd28-8742-43fa-8c89-3ede8d10b365,Please explain whether you agree or disagree and why.,5aeeb291-0b14-4460-b014-bd054fb61c87,728108ca,20250523_160029,0.8170833333333334,4.2683333333333335,0.1,mild,['cautious'],0.0,0.0,0.0,0.0,0.0,0.0,0.4592908188625911,23,0.026136363636363635,0.37974663057533947,Moderate,1
safety and security concerns,0.4571595933987492,The financial information and purchases are highly sensitive and be remained secured. ,52e883fc-9719-40e2-bc12-ae84c4ac5b27,Please explain whether you agree or disagree and why.,b8d4a06a-a490-4144-b1cd-c1cba146aa0a,728108ca,20250523_160029,0.8929166666666666,4.571666666666666,0.0,none,[],0.1111111111111111,0.0,0.0,0.0,0.0,0.0,0.4571595933987492,86,0.09772727272727273,0.37121989796556026,Moderate,1
safety and security concerns,0.4560738847498175,Most of the people have interacted with are scared of AI because of security and confedentiality of the information. They are scared their information would be linked or accessed by unauthorized people or used for other commercial purposes by the AI developers.,ded5e02c-b488-4fee-9487-552f965ca972,"Lastly, is there anything you felt you could not express in this conversation that you want to make sure the people working on this know?",2ea4d6b3-cc1f-42ec-9bd7-65ea9d396159,728108ca,20250523_160029,0.8566666666666666,4.426666666666666,0.3,moderate,['scared'],0.0,0.0,0.0,0.1111111111111111,0.0,0.0,0.4560738847498175,261,0.29659090909090907,0.47342197814235126,High,1
safety and security concerns,0.4559324695892525,financial matters are like personal matters and people should be aware of what information are being passed/used for these matters for protection and control usage.,52e883fc-9719-40e2-bc12-ae84c4ac5b27,Please explain whether you agree or disagree and why.,5722165e-f7e4-45e7-b6d7-0fb5701d7571,728108ca,20250523_160029,0.74,3.96,0.0,none,[],0.1111111111111111,0.1111111111111111,0.0,0.0,0.0,0.0,0.4559324695892525,164,0.18636363636363637,0.34900935147206463,Moderate,1
safety and security concerns,0.4526996071722922,financial information is very sensitive and confidentiality is crucial,52e883fc-9719-40e2-bc12-ae84c4ac5b27,Please explain whether you agree or disagree and why.,0f9aa88d-e413-408f-a364-cdd92bdb56a9,728108ca,20250523_160029,0.7979166666666666,4.191666666666666,0.0,none,[],0.1111111111111111,0.0,0.0,0.0,0.0,0.0,0.4526996071722922,70,0.07954545454545454,0.3486177216567956,Moderate,1
safety and security concerns,0.451093113372649,when it involves financial information/purchases we should know it is very serious concern,52e883fc-9719-40e2-bc12-ae84c4ac5b27,Please explain whether you agree or disagree and why.,6cb3023a-22c4-49ab-9c09-e8eb1a92a604,728108ca,20250523_160029,0.7316666666666667,3.9266666666666663,0.2,mild,['concern'],0.1111111111111111,0.0,0.0,0.0,0.0,0.0,0.451093113372649,90,0.10227272727272728,0.3969978514096657,Moderate,1
safety and security concerns,0.4494555862532557,Financial information is to be handled with care to ensure safety.,52e883fc-9719-40e2-bc12-ae84c4ac5b27,Please explain whether you agree or disagree and why.,62a6b613-e413-41d4-b4a2-6cefa86c3a29,728108ca,20250523_160029,0.7520833333333332,4.008333333333333,0.0,none,[],0.1111111111111111,0.0,0.0,0.1111111111111111,0.0,0.0,0.4494555862532557,66,0.075,0.3376989011679689,Moderate,1
safety and security concerns,0.4487986855009359,1. More secure.,eb87f6c5-a2de-49f2-a1a5-5efd42cd19bf,Would you prefer Scenario 1 or 2? Please explain what makes one of these scenarios better to you than the other.,a77e03a0-af8a-4bd6-8c42-f1fab56099bc,728108ca,20250523_160029,0.7558333333333334,4.023333333333333,0.0,none,[],0.0,0.0,0.0,0.0,0.0,0.0,0.4487986855009359,15,0.017045454545454544,0.3323906863215865,Moderate,1
safety and security concerns,0.4482579419051338,Al systems are vulnerable to attack but having a human assure you minimizes risks,0443cd28-8742-43fa-8c89-3ede8d10b365,Please explain whether you agree or disagree and why.,a104d65f-1ce6-42fa-9d1f-41eef909a7ab,728108ca,20250523_160029,0.8833333333333334,4.533333333333333,0.0,none,[],0.0,0.0,0.0,0.2222222222222222,0.0,0.0,0.4482579419051338,81,0.09204545454545454,0.3651743888832657,Moderate,1
safety and security concerns,0.4468929786155359,"Yes, I agree because it is necessary for the security purpose.",52e883fc-9719-40e2-bc12-ae84c4ac5b27,Please explain whether you agree or disagree and why.,573326d4-d20a-4dc0-974c-63266426b204,728108ca,20250523_160029,0.8412499999999999,4.365,0.0,none,[],0.0,0.0,0.0,0.1111111111111111,0.0,0.0,0.4468929786155359,62,0.07045454545454545,0.3540526459916689,Moderate,1
safety and security concerns,0.4468168618234032,The AI regulations should also consider child safety.,ded5e02c-b488-4fee-9487-552f965ca972,"Lastly, is there anything you felt you could not express in this conversation that you want to make sure the people working on this know?",859b8475-c4e4-4d46-a14b-20499199fc4b,728108ca,20250523_160029,0.88,4.52,0.0,none,[],0.0,0.0,0.0,0.1111111111111111,0.0,0.0,0.4468168618234032,53,0.060227272727272727,0.36074947200208857,Moderate,1
safety and security concerns,0.4463524178345902,2 because we want to maintain human supervision where possible,ab69fbbb-d63c-4820-9ed1-8192b1ffd7e9,Would you prefer Scenario 1 or 2? Please explain what makes one of these scenarios better to you than the other.,47eb5cac-7026-455c-803e-8f82c7b7d3b6,728108ca,20250523_160029,0.8237500000000001,4.295,0.0,none,[],0.0,0.0,0.0,0.0,0.0,0.0,0.4463524178345902,62,0.07045454545454545,0.35033642167929063,Moderate,1
safety and security concerns,0.4453768502312467,Financial privacy,52e883fc-9719-40e2-bc12-ae84c4ac5b27,Please explain whether you agree or disagree and why.,8a7ea13d-7787-422a-9929-095477e0a262,728108ca,20250523_160029,0.6229166666666666,3.4916666666666663,0.0,none,[],0.1111111111111111,0.1111111111111111,0.0,0.0,0.0,0.0,0.4453768502312467,17,0.019318181818181818,0.30466589160765023,Moderate,1
safety and security concerns,0.44241256717146,while scenario 2 will face problems its important that public thoughts and views are included,eb87f6c5-a2de-49f2-a1a5-5efd42cd19bf,Would you prefer Scenario 1 or 2? Please explain what makes one of these scenarios better to you than the other.,0fbf53e1-e062-4cf7-b77b-cd58a6b87e0f,728108ca,20250523_160029,0.7779166666666667,4.111666666666666,0.0,none,[],0.0,0.0,0.0,0.0,0.0,0.0,0.44241256717146,93,0.10568181818181818,0.34311654202009917,Moderate,1
safety and security concerns,0.4413780847400995,It would save time but sensitive information should not be compromised,b665aaae-d02c-44f9-be26-70544d7beabe,Please explain whether you agree or disagree and why.,7efb50bd-8ca5-4bac-ac35-f778faeb7be9,728108ca,20250523_160029,0.8954166666666667,4.581666666666667,0.0,none,[],0.0,0.0,0.0,0.0,0.0,0.0,0.4413780847400995,70,0.07954545454545454,0.3635891126839186,Moderate,1
safety and security concerns,0.4392389370329549,agree. to ensure secure and trustworthy transactions,52e883fc-9719-40e2-bc12-ae84c4ac5b27,Please explain whether you agree or disagree and why.,bedd1b1f-f469-445c-89cc-589835476124,728108ca,20250523_160029,0.7670833333333333,4.068333333333333,0.0,none,[],0.0,0.0,0.0,0.0,0.0,0.0,0.4392389370329549,52,0.05909090909090909,0.33502133238893955,Moderate,1
safety and security concerns,0.4377965671426047,2 human oversight is important,ab69fbbb-d63c-4820-9ed1-8192b1ffd7e9,Would you prefer Scenario 1 or 2? Please explain what makes one of these scenarios better to you than the other.,2438e9bc-7ef1-454c-9fb3-6f432f63efd0,728108ca,20250523_160029,0.6495833333333334,3.5983333333333336,0.0,none,[],0.0,0.0,0.0,0.0,0.0,0.0,0.4377965671426047,30,0.03409090909090909,0.3084443844327995,Moderate,1
safety and security concerns,0.4369067480591503,I have become excited and concerned at the same time of job security & human values,91fcb570-ec08-458e-af99-d9df0650384a,"What has been the most noticeable change in your daily life, if any, as a result of AI in the past year?",7a8ef50f-ce7b-424e-9efa-057a517605c7,728108ca,20250523_160029,0.7683333333333334,4.073333333333334,0.2,mild,['concern'],0.0,0.0,0.0,0.1111111111111111,0.125,0.0,0.4369067480591503,83,0.09431818181818181,0.39786118407214505,Moderate,1
safety and security concerns,0.436889069052451,Scenario 2; we should be cautious,ab69fbbb-d63c-4820-9ed1-8192b1ffd7e9,Would you prefer Scenario 1 or 2? Please explain what makes one of these scenarios better to you than the other.,81c66741-8cb0-4e89-995e-694b3425e07b,728108ca,20250523_160029,0.6091666666666667,3.436666666666667,0.1,mild,['cautious'],0.0,0.0,0.0,0.0,0.0,0.0,0.436889069052451,33,0.0375,0.33033896095431375,Moderate,1
safety and security concerns,0.4349182327811585,As the request can be anything like asking for sensitive information and access to Device and it can result in potentially data breaches ,0443cd28-8742-43fa-8c89-3ede8d10b365,Please explain whether you agree or disagree and why.,34d83cf8-e86b-4a9b-8ab1-52ae8317d6a8,728108ca,20250523_160029,0.8066666666666668,4.226666666666667,0.0,none,[],0.0,0.0,0.0,0.0,0.0,0.0,0.4349182327811585,137,0.15568181818181817,0.35086880826397854,Moderate,1
safety and security concerns,0.432746589580669,Too many privacy issues and this could result in too many negative outcomes for it to be a positive.,b665aaae-d02c-44f9-be26-70544d7beabe,Please explain whether you agree or disagree and why.,1f6d9211-afbc-47f3-a370-8dc225e73e05,728108ca,20250523_160029,0.7141666666666667,3.856666666666667,0.0,none,[],0.0,0.1111111111111111,0.0,0.0,0.0,0.0,0.432746589580669,100,0.11363636363636363,0.3272956055292373,Moderate,1
safety and security concerns,0.4323343422324067,"Scenario 2, because it is important that human supervision over these systems is not lost.",ab69fbbb-d63c-4820-9ed1-8192b1ffd7e9,Would you prefer Scenario 1 or 2? Please explain what makes one of these scenarios better to you than the other.,29da2f09-086c-4ae8-8cea-a585ab87d707,728108ca,20250523_160029,0.6954166666666667,3.7816666666666663,0.0,none,[],0.0,0.0,0.0,0.0,0.0,0.0,0.4323343422324067,90,0.10227272727272728,0.32224434295356874,Moderate,1
safety and security concerns,0.4313822200349668,scenario 2 as it ensures closer human oversight,ab69fbbb-d63c-4820-9ed1-8192b1ffd7e9,Would you prefer Scenario 1 or 2? Please explain what makes one of these scenarios better to you than the other.,eafa8449-dcab-4597-871f-988e6f5632a1,728108ca,20250523_160029,0.7670833333333333,4.068333333333333,0.0,none,[],0.0,0.0,0.0,0.0,0.0,0.0,0.4313822200349668,47,0.053409090909090906,0.3313104637715625,Moderate,1
safety and security concerns,0.4307005459685227,"Scenario 1. Scenario 1 offers security but at the cost of autonomy

",13035d06-a388-4fce-af9d-72a60b89aeba,Would you prefer Scenario 1 or 2? Please explain what makes one of these scenarios better to you than the other.,14590c64-3ee7-421e-bce5-11a5b0ce4e5e,728108ca,20250523_160029,0.7141666666666668,3.8566666666666674,0.0,none,[],0.0,0.1111111111111111,0.0,0.1111111111111111,0.0,0.0,0.4307005459685227,68,0.07727272727272727,0.3228408244480152,Moderate,1
safety and security concerns,0.4291656852388763,Scenario 2 for fear of AI,cfa2af3e-2719-4b06-ac30-80acdf9a6840,Think about your neighbor - do you think your neighbor would prefer Scenario 1 or 2 future and why?,ba768354-17b1-484a-8fdd-71531960c3f4,728108ca,20250523_160029,0.6745833333333333,3.6983333333333337,0.3,moderate,['fear'],0.0,0.0,0.0,0.0,0.0,0.0,0.4291656852388763,25,0.028409090909090908,0.39942384985312634,Moderate,1
safety and security concerns,0.4290326351147759,i believe there are enough safety measures in place for the average use of the AI.,9cc4f2fc-dee9-4196-b1c7-b437544668c8,Can you explain why you gave that trust score to your AI chatbot?,a334d03a-bc6f-4924-a62c-b88049b7a0d0,728108ca,20250523_160029,0.93125,4.725,0.0,none,[],0.0,0.0,0.0,0.1111111111111111,0.0,0.0,0.4290326351147759,82,0.09318181818181819,0.36718123586409224,Moderate,1
safety and security concerns,0.4284104749996541,"Because financial information is particularly closely linked to personal information and security, transparency is paramount.",52e883fc-9719-40e2-bc12-ae84c4ac5b27,Please explain whether you agree or disagree and why.,3bf76cff-46c5-4fd6-b05a-d42d59a50344,728108ca,20250523_160029,0.7795833333333333,4.118333333333333,0.0,none,[],0.1111111111111111,0.0,0.0,0.1111111111111111,0.0,0.0,0.4284104749996541,125,0.14204545454545456,0.3414854021210738,Moderate,1
safety and security concerns,0.4283556992067069,It is important as some people are uncomfortable sharing specific information and need to be aware of the information being used,52e883fc-9719-40e2-bc12-ae84c4ac5b27,Please explain whether you agree or disagree and why.,f5e6d17e-b3f2-4c86-b179-3c38408ef40e,728108ca,20250523_160029,0.7383333333333333,3.953333333333333,0.2,mild,['uncomfortable'],0.0,0.0,0.0,0.0,0.0,0.0,0.4283556992067069,128,0.14545454545454545,0.393554400894804,Moderate,1
safety and security concerns,0.4282187052195467,Two because increased human supervision is important,ab69fbbb-d63c-4820-9ed1-8192b1ffd7e9,Would you prefer Scenario 1 or 2? Please explain what makes one of these scenarios better to you than the other.,462414f9-aa0b-4572-92b1-d52e25683c67,728108ca,20250523_160029,0.7533333333333334,4.013333333333334,0.0,none,[],0.0,0.0,0.0,0.0,0.0,0.0,0.4282187052195467,52,0.05909090909090909,0.3278632396635763,Moderate,1
safety and security concerns,0.4282069301657881,"2 is better, and human supervision must be accepted on key issues",ab69fbbb-d63c-4820-9ed1-8192b1ffd7e9,Would you prefer Scenario 1 or 2? Please explain what makes one of these scenarios better to you than the other.,f817a91a-8b6b-4f50-b15f-ee04638c3923,728108ca,20250523_160029,0.7129166666666666,3.8516666666666666,0.0,none,[],0.0,0.0,0.0,0.0,0.0,0.0,0.4282069301657881,65,0.07386363636363637,0.32125246903601223,Moderate,1
safety and security concerns,0.4280339672413266,Yes I agree because financial transactions sensitive personal information which require utmost privacy and data security. Users should have informed consent.,52e883fc-9719-40e2-bc12-ae84c4ac5b27,Please explain whether you agree or disagree and why.,62711271-8853-40e2-a967-6848d67d63c1,728108ca,20250523_160029,0.975,4.9,0.0,none,[],0.1111111111111111,0.1111111111111111,0.0,0.1111111111111111,0.0,0.0,0.4280339672413266,157,0.1784090909090909,0.38405449598743974,Moderate,1
safety and security concerns,0.4278845768672125,Job security,91fcb570-ec08-458e-af99-d9df0650384a,"What has been the most noticeable change in your daily life, if any, as a result of AI in the past year?",fce0af51-9cf7-4c53-bfa0-f04aeb271ac2,728108ca,20250523_160029,0.59375,3.375,0.0,none,[],0.0,0.0,0.0,0.1111111111111111,0.0,0.0,0.4278845768672125,12,0.013636363636363636,0.29126746711052137,Moderate,1
safety and security concerns,0.4275895679477409,There is a potential risk involved.,fc1af587-5ded-4cbb-920a-52bea75ac0d8,Please explain whether you agree or disagree and why.,c07647f4-a1ec-413b-a0ed-b9cb67b1f913,728108ca,20250523_160029,0.8491666666666667,4.3966666666666665,0.0,none,[],0.0,0.0,0.0,0.1111111111111111,0.0,0.0,0.4275895679477409,35,0.03977272727272727,0.3448464332397025,Moderate,1
safety and security concerns,0.4251807432435431,Scenario 2 because regulation is paramount,c3a096ad-6ca5-4365-97f8-c6e36071bc58,Think about your neighbor - do you think your neighbor would prefer Scenario 1 or 2 future and why?,7798ef57-8ffe-4565-b592-091775ff39e9,728108ca,20250523_160029,0.8995833333333334,4.598333333333334,0.0,none,[],0.0,0.0,0.0,0.0,0.0,0.0,0.4251807432435431,42,0.04772727272727273,0.3547616912368112,Moderate,1
safety and security concerns,0.4245701441900958,Agree. People still have a concern for privacy of information and that would apply to this scenario.,52e883fc-9719-40e2-bc12-ae84c4ac5b27,Please explain whether you agree or disagree and why.,8625c4e3-47a5-490a-85aa-d54398603abb,728108ca,20250523_160029,0.6941666666666666,3.7766666666666664,0.2,mild,['concern'],0.0,0.1111111111111111,0.0,0.0,0.0,0.0,0.4245701441900958,100,0.11363636363636363,0.38002502737300803,Moderate,1
safety and security concerns,0.4245267984913657,Scenario 2 . Because we are all cautious with the risk if there's no human supervision process,cfa2af3e-2719-4b06-ac30-80acdf9a6840,Think about your neighbor - do you think your neighbor would prefer Scenario 1 or 2 future and why?,b76fee7a-06ff-418f-8e35-15e2a0ea462a,728108ca,20250523_160029,0.7408333333333335,3.963333333333334,0.1,mild,['cautious'],0.0,0.0,0.0,0.1111111111111111,0.0,0.0,0.4245267984913657,94,0.10681818181818181,0.35865920424503117,Moderate,1
safety and security concerns,0.423906007881192,Privacy is very important.,b665aaae-d02c-44f9-be26-70544d7beabe,Please explain whether you agree or disagree and why.,c051ba5b-d528-4e55-8b18-656a33a14ea8,728108ca,20250523_160029,0.69875,3.795,0.0,none,[],0.0,0.1111111111111111,0.0,0.0,0.0,0.0,0.423906007881192,26,0.029545454545454545,0.31226694860702225,Moderate,1
safety and security concerns,0.4229762490666537,these things should be private,52e883fc-9719-40e2-bc12-ae84c4ac5b27,Please explain whether you agree or disagree and why.,d6efabb8-5f73-425e-94c4-114f472713fd,728108ca,20250523_160029,0.5079166666666667,3.0316666666666667,0.0,none,[],0.0,0.0,0.0,0.0,0.0,0.0,0.4229762490666537,30,0.03409090909090909,0.27418292386908577,Moderate,1
safety and security concerns,0.4218515865764691,"To transparently disclose the required information and manage the security of data

",52e883fc-9719-40e2-bc12-ae84c4ac5b27,Please explain whether you agree or disagree and why.,b3a90ba2-0f1a-483a-900b-1f4831c00e4d,728108ca,20250523_160029,0.7666666666666667,4.066666666666666,0.0,none,[],0.0,0.0,0.0,0.1111111111111111,0.0,0.0,0.4218515865764691,84,0.09545454545454546,0.3316194225093755,Moderate,1
safety and security concerns,0.4217912410002667,"This is very sensitive and private information, and transparency is important",52e883fc-9719-40e2-bc12-ae84c4ac5b27,Please explain whether you agree or disagree and why.,8ba7997e-3130-460a-bc5a-a45e4283444a,728108ca,20250523_160029,0.8504166666666667,4.401666666666667,0.0,none,[],0.0,0.0,0.0,0.0,0.0,0.0,0.4217912410002667,77,0.0875,0.34754982973344,Moderate,1
safety and security concerns,0.4213858058513879,Scenario 2 as it assures human oversight ,cfa2af3e-2719-4b06-ac30-80acdf9a6840,Think about your neighbor - do you think your neighbor would prefer Scenario 1 or 2 future and why?,a104d65f-1ce6-42fa-9d1f-41eef909a7ab,728108ca,20250523_160029,0.8833333333333334,4.533333333333333,0.0,none,[],0.0,0.0,0.0,0.0,0.0,0.0,0.4213858058513879,41,0.04659090909090909,0.34988007991631276,Moderate,1
safety and security concerns,0.420910950446754,Because I think it's not safe to share sensitive information.,9cc4f2fc-dee9-4196-b1c7-b437544668c8,Can you explain why you gave that trust score to your AI chatbot?,8f824d0b-3e4a-4c7a-a9a8-3d63c3ed4533,728108ca,20250523_160029,0.7366666666666666,3.9466666666666663,0.0,none,[],0.0,0.0,0.0,0.0,0.0,0.0,0.420910950446754,61,0.06931818181818182,0.3226295316938531,Moderate,1
safety and security concerns,0.4190124959912195,information which is user sensitive should be made aware to the user  ,52e883fc-9719-40e2-bc12-ae84c4ac5b27,Please explain whether you agree or disagree and why.,d31a7f0a-2b6d-42d9-b729-cf4446c36a32,728108ca,20250523_160029,0.75375,4.015000000000001,0.0,none,[],0.0,0.0,0.0,0.0,0.0,0.0,0.4190124959912195,70,0.07954545454545454,0.3263095438510333,Moderate,1
safety and security concerns,0.4188181648525901,Scenario 2 due to maintaining closer human supervision ,ab69fbbb-d63c-4820-9ed1-8192b1ffd7e9,Would you prefer Scenario 1 or 2? Please explain what makes one of these scenarios better to you than the other.,607d3e8d-aceb-4096-9e93-8614f68f92cc,728108ca,20250523_160029,0.7058333333333334,3.8233333333333337,0.0,none,[],0.0,0.0,0.0,0.0,0.0,0.0,0.4188181648525901,55,0.0625,0.3149439326077027,Moderate,1
safety and security concerns,0.4184395533296523,Such interactions need to be transparent and secure.,52e883fc-9719-40e2-bc12-ae84c4ac5b27,Please explain whether you agree or disagree and why.,8f6f0197-057c-427c-9ddd-da6419f1619b,728108ca,20250523_160029,0.7833333333333333,4.133333333333333,0.0,none,[],0.0,0.0,0.125,0.0,0.0,0.0,0.4184395533296523,52,0.05909090909090909,0.32995157890761856,Moderate,1
safety and security concerns,0.4184165491059915,scenario 2.....this way people can discuss any potential issues they see with AI and may lead to a better  system,eb87f6c5-a2de-49f2-a1a5-5efd42cd19bf,Would you prefer Scenario 1 or 2? Please explain what makes one of these scenarios better to you than the other.,1bc1d307-4def-4914-bc0f-5ce49ce2bc4a,728108ca,20250523_160029,0.7745833333333333,4.098333333333333,0.0,none,[],0.0,0.0,0.0,0.0,0.0,0.0,0.4184165491059915,113,0.12840909090909092,0.3351241953999724,Moderate,1
safety and security concerns,0.4178701403970971,Because its important for privacy to know ,0443cd28-8742-43fa-8c89-3ede8d10b365,Please explain whether you agree or disagree and why.,e474fee5-fdd1-4662-a26e-c0b389e28e3d,728108ca,20250523_160029,0.6387499999999999,3.5549999999999997,0.0,none,[],0.0,0.1111111111111111,0.0,0.0,0.0,0.0,0.4178701403970971,42,0.04772727272727273,0.2996707834315661,Moderate,1
safety and security concerns,0.4170913339196025,"Complexity and Overload, Privacy Risks, Impact on AI Functionality, Competitive Disadvantage & User Experience.",52e883fc-9719-40e2-bc12-ae84c4ac5b27,Please explain whether you agree or disagree and why.,676f6ea8-353c-464d-b562-f733a0d7dd52,728108ca,20250523_160029,0.78625,4.145,0.0,none,[],0.0,0.1111111111111111,0.0,0.1111111111111111,0.0,0.0,0.4170913339196025,111,0.12613636363636363,0.3367001699314774,Moderate,1
safety and security concerns,0.4163288192688389,"I meant agree, transparency and security",52e883fc-9719-40e2-bc12-ae84c4ac5b27,Please explain whether you agree or disagree and why.,63886dc7-abe7-4eb2-bcaf-04ad8f601c22,728108ca,20250523_160029,0.4416666666666666,2.7666666666666666,0.0,none,[],0.0,0.0,0.0,0.1111111111111111,0.0,0.0,0.4163288192688389,40,0.045454545454545456,0.25941031558632344,Moderate,1
safety and security concerns,0.4154318589513011,I think it will make social more safe,0443cd28-8742-43fa-8c89-3ede8d10b365,Please explain whether you agree or disagree and why.,a61630ce-b6bf-44d6-bed6-d3f8c1b197e7,728108ca,20250523_160029,0.81875,4.275,0.0,none,[],0.0,0.0,0.125,0.0,0.0,0.0,0.4154318589513011,37,0.042045454545454546,0.3341272890350659,Moderate,1
safety and security concerns,0.4151717916015154,scenario 2 for limiting cpapabilities,cfa2af3e-2719-4b06-ac30-80acdf9a6840,Think about your neighbor - do you think your neighbor would prefer Scenario 1 or 2 future and why?,0c163693-0b07-46cc-90b9-ab8f6a6248fc,728108ca,20250523_160029,0.85125,4.404999999999999,0.0,none,[],0.0,0.0,0.0,0.0,0.0,0.0,0.4151717916015154,37,0.042045454545454546,0.34052326209515166,Moderate,1
safety and security concerns,0.4138563397243626,I think they would prefer scenario 2 as it sounds more safe and they would prefer safety over efficiency in my opinion.,cfa2af3e-2719-4b06-ac30-80acdf9a6840,Think about your neighbor - do you think your neighbor would prefer Scenario 1 or 2 future and why?,31c4e983-c3db-4e97-be06-e077323dde94,728108ca,20250523_160029,0.8579166666666665,4.431666666666667,0.0,none,[],0.0,0.0,0.0,0.1111111111111111,0.0,0.0,0.4138563397243626,119,0.13522727272727272,0.35064859649580565,Moderate,1
safety and security concerns,0.4124530906816004,"it's ethical, it would be dangerous otherwise",52e883fc-9719-40e2-bc12-ae84c4ac5b27,Please explain whether you agree or disagree and why.,ce8c659f-196d-49ff-ac5e-5cb6e20fe764,728108ca,20250523_160029,0.8333333333333334,4.333333333333334,0.0,none,[],0.0,0.0,0.0,0.1111111111111111,0.0,0.0,0.4124530906816004,45,0.05113636363636364,0.3367615393029432,Moderate,1
safety and security concerns,0.411650632382891,"2, human oversight is important ",ab69fbbb-d63c-4820-9ed1-8192b1ffd7e9,Would you prefer Scenario 1 or 2? Please explain what makes one of these scenarios better to you than the other.,99f4c06d-9d57-4841-99f5-c0fe6105452a,728108ca,20250523_160029,0.7304166666666666,3.9216666666666664,0.0,none,[],0.0,0.0,0.0,0.0,0.0,0.0,0.411650632382891,32,0.03636363636363636,0.3143799499228534,Moderate,1
safety and security concerns,0.4114066488047917,For users to be cautious that they are not interacting with human beings ,0443cd28-8742-43fa-8c89-3ede8d10b365,Please explain whether you agree or disagree and why.,3f7c2e30-afdf-480b-b3c6-695231ed28fc,728108ca,20250523_160029,0.7683333333333334,4.073333333333334,0.1,mild,['cautious'],0.0,0.0,0.0,0.0,0.0,0.0,0.4114066488047917,73,0.08295454545454546,0.3565247807340379,Moderate,1
safety and security concerns,0.4113792043953195,"to ensure trust, accountability, and user control, preventing hidden biases or unethical decisions",52e883fc-9719-40e2-bc12-ae84c4ac5b27,Please explain whether you agree or disagree and why.,1c7e2011-0d5a-45ad-a2f2-c13ac059fb99,728108ca,20250523_160029,0.7945833333333333,4.178333333333333,0.0,none,[],0.0,0.1111111111111111,0.0,0.0,0.0,0.0,0.4113792043953195,98,0.11136363636363636,0.3346047120611581,Moderate,1
safety and security concerns,0.4113393003042537,Yes because of the risks involved ,52e883fc-9719-40e2-bc12-ae84c4ac5b27,Please explain whether you agree or disagree and why.,18af77fe-5f36-458c-a4a9-84484490b196,728108ca,20250523_160029,0.6666666666666667,3.666666666666667,0.0,none,[],0.0,0.0,0.0,0.1111111111111111,0.0,0.0,0.4113393003042537,34,0.038636363636363635,0.3017326898186712,Moderate,1
safety and security concerns,0.4111128008440665,because it involve risk for financial purchases,52e883fc-9719-40e2-bc12-ae84c4ac5b27,Please explain whether you agree or disagree and why.,2ea3ba1a-ffa0-42a3-a172-99943509a444,728108ca,20250523_160029,0.79,4.16,0.0,none,[],0.1111111111111111,0.0,0.0,0.1111111111111111,0.0,0.0,0.4111128008440665,47,0.053409090909090906,0.32778602942853574,Moderate,1
safety and security concerns,0.4097341447173981,I would prefer scenario 2 because it places emphasis on human oversight and also it's a more cautious approach that might sacrifice some speed and efficiency but it is much safer in the long run. ,ab69fbbb-d63c-4820-9ed1-8192b1ffd7e9,Would you prefer Scenario 1 or 2? Please explain what makes one of these scenarios better to you than the other.,62711271-8853-40e2-a967-6848d67d63c1,728108ca,20250523_160029,0.975,4.9,0.1,mild,['cautious'],0.0,0.0,0.0,0.0,0.0,0.0,0.4097341447173981,196,0.22272727272727272,0.41116638515968656,High,1
safety and security concerns,0.4096743603125253,We can’t fully rely on ChatGPT on sensitive information and risk involved areas,9cc4f2fc-dee9-4196-b1c7-b437544668c8,Can you explain why you gave that trust score to your AI chatbot?,9c6e83af-6165-4249-9c3c-2fa00cdd81d2,728108ca,20250523_160029,0.7429166666666667,3.9716666666666662,0.0,none,[],0.0,0.0,0.0,0.1111111111111111,0.0,0.0,0.4096743603125253,79,0.08977272727272727,0.3214303501856162,Moderate,1
safety and security concerns,0.4093628875181087,I agree because I need to be aware especially on dating applications what is happening behind the scene. too risky,0443cd28-8742-43fa-8c89-3ede8d10b365,Please explain whether you agree or disagree and why.,e18bf5de-929a-4c2d-9885-7700644a84fd,728108ca,20250523_160029,0.86125,4.445,0.0,none,[],0.0,0.0,0.0,0.1111111111111111,0.0,0.0,0.4093628875181087,114,0.12954545454545455,0.34894970046178897,Moderate,1
safety and security concerns,0.4086488354628391,This is really sensitive area to avoid human involving and the AI system incurred also need carefully be setup to the best and the transparency must be conducted with truly guidance.,52e883fc-9719-40e2-bc12-ae84c4ac5b27,Please explain whether you agree or disagree and why.,85b35191-fc1b-46ec-97a8-d527f45635e7,728108ca,20250523_160029,0.7916666666666665,4.166666666666666,0.0,none,[],0.0,0.0,0.0,0.0,0.0,0.0,0.4086488354628391,182,0.20681818181818182,0.34247468570028716,Moderate,1
safety and security concerns,0.4076325114866723,"Enabling AI agents to respond to messages on behalf of the user may provide convenience and speed, but it raises concerns about privacy and loss of control over conversations. Full user control and safeguards must be ensured to protect personal information.

",b665aaae-d02c-44f9-be26-70544d7beabe,Please explain whether you agree or disagree and why.,748ce664-fa73-4df5-99f3-12cafa2cdc98,728108ca,20250523_160029,0.7812500000000001,4.125,0.2,mild,['concern'],0.0,0.2222222222222222,0.0,0.0,0.0,0.0,0.4076325114866723,259,0.2943181818181818,0.4087348227764871,High,1
safety and security concerns,0.4074992107853327,For financial information/purchases it is very important and necessary for the user to be informed about information used to complete the task because of the discretion of the user whether they would like AI to use such information's due to security reason and of the ongoing financial frauds nowadays. ,52e883fc-9719-40e2-bc12-ae84c4ac5b27,Please explain whether you agree or disagree and why.,0381a5ba-f201-4ed9-a720-10dae730a43f,728108ca,20250523_160029,0.8925,4.57,0.0,none,[],0.1111111111111111,0.0,0.0,0.1111111111111111,0.0,0.0,0.4074992107853327,303,0.3443181818181818,0.37593150249595125,Moderate,1
safety and security concerns,0.4073370990482309,Agree. because user awareness and transparency should be prioritized to ensure ethical and safe interactions,0443cd28-8742-43fa-8c89-3ede8d10b365,Please explain whether you agree or disagree and why.,bedd1b1f-f469-445c-89cc-589835476124,728108ca,20250523_160029,0.7670833333333333,4.068333333333333,0.0,none,[],0.0,0.0,0.125,0.0,0.0,0.0,0.4073370990482309,108,0.12272727272727273,0.3286242335586863,Moderate,1
safety and security concerns,0.4072315717342468,Agree only if the user are informed beforehand of this information and the risk it might pose.,fc1af587-5ded-4cbb-920a-52bea75ac0d8,Please explain whether you agree or disagree and why.,4ad034c3-f067-4db6-b7b9-ea873a1e630b,728108ca,20250523_160029,0.7145833333333333,3.8583333333333334,0.0,none,[],0.0,0.0,0.0,0.1111111111111111,0.0,0.0,0.4072315717342468,94,0.10681818181818181,0.31649111354218357,Moderate,1
safety and security concerns,0.4072274100547391,"Scenario 2 prioritizes ethical and social considerations, human oversight, and alignment with human values but may face reduced efficiency and consistency.",cfa2af3e-2719-4b06-ac30-80acdf9a6840,Think about your neighbor - do you think your neighbor would prefer Scenario 1 or 2 future and why?,676f6ea8-353c-464d-b562-f733a0d7dd52,728108ca,20250523_160029,0.78625,4.145,0.0,none,[],0.0,0.0,0.125,0.0,0.125,0.0,0.4072274100547391,155,0.17613636363636365,0.337754600385532,Moderate,1
safety and security concerns,0.4069696363924727,Agree because they are confidential and secure informations,52e883fc-9719-40e2-bc12-ae84c4ac5b27,Please explain whether you agree or disagree and why.,6656137d-5327-4dba-99fa-1f094d340e8e,728108ca,20250523_160029,0.94125,4.765000000000001,0.0,none,[],0.0,0.0,0.0,0.0,0.0,0.0,0.4069696363924727,59,0.06704545454545455,0.35774240001153457,Moderate,1
safety and security concerns,0.4067190981038371,It is data driven so authenticity issue and sensitive information handling is a challenge.,fc1af587-5ded-4cbb-920a-52bea75ac0d8,Please explain whether you agree or disagree and why.,77dd4002-df05-43b0-b68f-9033de9c29b4,728108ca,20250523_160029,0.835,4.34,0.0,none,[],0.0,0.0,0.0,0.0,0.0,0.0,0.4067190981038371,90,0.10227272727272728,0.33991491196880763,Moderate,1
safety and security concerns,0.4066981812601027,because personal information is crucial. ,52e883fc-9719-40e2-bc12-ae84c4ac5b27,Please explain whether you agree or disagree and why.,2c9ffd57-4980-4a41-a9f0-332a553686e8,728108ca,20250523_160029,0.7854166666666667,4.141666666666667,0.0,none,[],0.0,0.0,0.0,0.0,0.0,0.0,0.4066981812601027,41,0.04659090909090909,0.32442169674646537,Moderate,1
safety and security concerns,0.4066125095504437,"It will save the time and effort of the user. But as said earlier, the privacy and security of the user is important.",fc1af587-5ded-4cbb-920a-52bea75ac0d8,Please explain whether you agree or disagree and why.,45e296f3-3412-4800-99ae-dcd5523be806,728108ca,20250523_160029,0.8079166666666667,4.231666666666667,0.0,none,[],0.0,0.1111111111111111,0.0,0.1111111111111111,0.0,0.0,0.4066125095504437,117,0.13295454545454546,0.3375237916989654,Moderate,1
safety and security concerns,0.4064263353652837,"While obtaining consent is a crucial step, it doesn't fully address the potential risks and ethical concerns.  AI agents, even with consent, might misinterpret the user's intentions, leading to inappropriate or harmful responses.  ",b665aaae-d02c-44f9-be26-70544d7beabe,Please explain whether you agree or disagree and why.,efcac8b2-8dd3-4a72-9051-5dce0ddfa98a,728108ca,20250523_160029,0.7075,3.83,0.2,mild,['concern'],0.0,0.0,0.0,0.2222222222222222,0.0,0.0,0.4064263353652837,231,0.2625,0.3903205341461135,Moderate,1
safety and security concerns,0.4063951630908602,"Scenario 2, because of maintaining closer human oversight ",ab69fbbb-d63c-4820-9ed1-8192b1ffd7e9,Would you prefer Scenario 1 or 2? Please explain what makes one of these scenarios better to you than the other.,2c2af0bd-8b93-4b91-8c51-b721a6def5ee,728108ca,20250523_160029,0.7095833333333333,3.838333333333334,0.0,none,[],0.0,0.0,0.0,0.0,0.0,0.0,0.4063951630908602,58,0.0659090909090909,0.31106564099391987,Moderate,1
